catalogItemId,productCode,productId,skuCode,sellableSkuId,familyCode,familyName,itemName,brandName,categoryName,description,presentation,storageFamily,packagingType,unitOfMeasure,packQuantity,gtin,taxCategory,priceAmount,priceCurrency,priceStatus,availableStock,assetFileName,assetPath,assetSha256,sourceIndexLabel,origin,provisional,categoryProvisional,storageProvisional,skuProvisional,detailsProvisional,imageNote
CAT-0001,PROD-0001,1e29a633-8aa0-3fad-a97d-2a50a1669f0a,PROD-0001,1e29a633-8aa0-3fad-a97d-2a50a1669f0a,FAM-CAT-0001,QUESO GRANA PADANO DOP,QUESO GRANA PADANO DOP 150G,Agriform,Cheese,Agriform Queso Grana Padano Dop 150G for refrigerated B2B catalog operations.,150G,REFRIGERATED,UNSPECIFIED,UNIT,1.0,,STANDARD,17.3,PEN,PRESENT,,agriform-queso-grana-padano-dop-150g.png,/catalog-items/agriform-queso-grana-padano-dop-150g.png,303b096b68dfd5dbddc45f55b3772e25582dbb007665ca6457f54325c862e1b7,Agriform Queso Grana Padano Dop 150G,EXISTING_ICISA_PRESERVED,false,false,false,false,false,database reference only; runtime media serving not verified
CAT-0002,PROD-0002,b41b570d-2b41-3e10-99c8-52b83c9575e4,PROD-0002,b41b570d-2b41-3e10-99c8-52b83c9575e4,FAM-CAT-0002,QUESO PARMIGIANO REGGIANO DOP,QUESO PARMIGIANO REGGIANO DOP 150G,Agriform,Cheese,Agriform Queso Parmigiano Reggiano Dop 150G for refrigerated B2B catalog operations.,150G,REFRIGERATED,UNSPECIFIED,UNIT,1.0,,STANDARD,20.5,PEN,PRESENT,,agriform-queso-parmigiano-reggiano-dop-150g.png,/catalog-items/agriform-queso-parmigiano-reggiano-dop-150g.png,af2d6e99f5c0ecbecc54e7a14c8849529751bd193328ac568dc886bc82f1429e,Agriform Queso Parmigiano Reggiano Dop 150G,EXISTING_ICISA_PRESERVED,false,false,false,false,false,database reference only; runtime media serving not verified
CAT-0051,PROD-0051,518fa6a3-ca2c-3348-bf7b-2e57b531d8af,PROD-0051,518fa6a3-ca2c-3348-bf7b-2e57b531d8af,FAM-CAT-0051,QUESO GRANA PADANO DOP CORTE,QUESO GRANA PADANO DOP CORTE,Agriform,Cheese,"Provisional catalog reference derived from the estimated source label ""Agriform Queso Grana Padano Dop Corte"". Confirm product specifications before sale.",UNSPECIFIED,REFRIGERATED,UNSPECIFIED,UNIT,1,,UNSPECIFIED,17.30,PEN,PROVISIONAL_REFERENCE,,agriform_queso-grana-padano-dop_corte.png,/catalog-items/agriform_queso-grana-padano-dop_corte.png,b2987c779d1a4cb9bf37c0e4055499c4d7d583c49c8e520e4ced6315cc18a9ec,Agriform Queso Grana Padano Dop Corte,NEW_PROVISIONAL_REFERENCE,true,true,true,true,true,database reference only; runtime media serving not verified
CAT-0052,PROD-0052,4e67d0bc-3b43-3326-b28b-a6b334cba143,PROD-0052,4e67d0bc-3b43-3326-b28b-a6b334cba143,FAM-CAT-0052,QUESO GRANA PADANO DOP MOLDE 37KG,QUESO GRANA PADANO DOP MOLDE 37KG,Agriform,Cheese,"Provisional catalog reference derived from the estimated source label ""Agriform Queso Grana Padano Dop Molde 37Kg"". Confirm product specifications before sale.",UNSPECIFIED,REFRIGERATED,UNSPECIFIED,UNIT,1,,UNSPECIFIED,4267.33,PEN,PROVISIONAL_REFERENCE,,agriform_queso-grana-padano-dop_molde-37kg.png,/catalog-items/agriform_queso-grana-padano-dop_molde-37kg.png,fc1aa0c5fc7e28fd48158620f928ce100a87f45b011d3e9334d69dbdcab5e8d4,Agriform Queso Grana Padano Dop Molde 37Kg,NEW_PROVISIONAL_REFERENCE,true,true,true,true,true,database reference only; runtime media serving not verified
CAT-0053,PROD-0053,d9d58074-a79c-3c4a-800f-eb80edfececa,PROD-0053,d9d58074-a79c-3c4a-800f-eb80edfececa,FAM-CAT-0053,CREMA CHANTILLY 275CC,CREMA CHANTILLY 275CC,Asturianas,Cheese,"Provisional catalog reference derived from the estimated source label ""Asturianas Crema Chantilly 275Cc"". Confirm product specifications before sale.",UNSPECIFIED,REFRIGERATED,UNSPECIFIED,UNIT,1,,UNSPECIFIED,12.65,PEN,PROVISIONAL_REFERENCE,,asturianas_crema-chantilly_275cc.png,/catalog-items/asturianas_crema-chantilly_275cc.png,4baaa8a252b8708325b24eefeeca0f1564c16e5808a4c1cd4ce4c16f5c42ad0c,Asturianas Crema Chantilly 275Cc,NEW_PROVISIONAL_REFERENCE,true,true,true,true,true,database reference only; runtime media serving not verified
CAT-0054,PROD-0054,f6c3263f-fd54-3c83-a2ae-2f56c96bf996,PROD-0054,f6c3263f-fd54-3c83-a2ae-2f56c96bf996,FAM-CAT-0054,CREMA DE LECHE 200ML,CREMA DE LECHE 200ML,Asturianas,Cheese,"Provisional catalog reference derived from the estimated source label ""Asturianas Crema De Leche 200Ml"". Confirm product specifications before sale.",UNSPECIFIED,REFRIGERATED,UNSPECIFIED,UNIT,1,,UNSPECIFIED,9.20,PEN,PROVISIONAL_REFERENCE,,asturianas_crema-de-leche_200ml.png,/catalog-items/asturianas_crema-de-leche_200ml.png,f3452331b66fc4fb6523424cf8afc6510203231c45169c272388b355b26a5684,Asturianas Crema De Leche 200Ml,NEW_PROVISIONAL_REFERENCE,true,true,true,true,true,database reference only; runtime media serving not verified
CAT-0003,PROD-0003,e4bf2fa5-16c6-3b34-819e-94f4bf32993c,PROD-0003,e4bf2fa5-16c6-3b34-819e-94f4bf32993c,FAM-CAT-0003,COPPA,COPPA MOLDE 3KG,Cavour,Charcuterie,Cavour Coppa Molde 3Kg for refrigerated B2B catalog operations.,MOLDE 3KG,REFRIGERATED,UNSPECIFIED,UNIT,1.0,,STANDARD,390.0,PEN,PRESENT,,cavour-coppa-molde-3kg.png,/catalog-items/cavour-coppa-molde-3kg.png,26bb2a072f6059472c125a260d9e4281346845e5d22d460c79d6a3d7d0bb4d08,Cavour Coppa Molde 3Kg,EXISTING_ICISA_PRESERVED,false,false,false,false,false,database reference only; runtime media serving not verified
CAT-0004,PROD-0004,0863f950-484b-3a81-b16f-4fae1eefd37b,PROD-0004,0863f950-484b-3a81-b16f-4fae1eefd37b,FAM-CAT-0004,MORTADELLA BOLOGNA IGP CON PISTACCHIO,MORTADELLA BOLOGNA IGP CON PISTACCHIO MOLDE 7.5KG,Cavour,Charcuterie,Cavour Mortadella Bologna Igp Con Pistacchio Molde 7.5Kg for refrigerated B2B catalog operations.,MOLDE 7.5KG,REFRIGERATED,UNSPECIFIED,UNIT,1.0,,STANDARD,690.0,PEN,PRESENT,,cavour-mortadella-bologna-igp-con-pistacchio-molde-7-5kg.png,/catalog-items/cavour-mortadella-bologna-igp-con-pistacchio-molde-7-5kg.png,e6bea976698cac3bb839b35f82727970136df5b91208c1e4c86c5aeaa1cd8e4c,Cavour Mortadella Bologna Igp Con Pistacchio Molde 7 5Kg,EXISTING_ICISA_PRESERVED,false,false,false,false,false,database reference only; runtime media serving not verified
CAT-0005,PROD-0005,65eb3e74-30da-34f4-9e7d-320f107042bd,PROD-0005,65eb3e74-30da-34f4-9e7d-320f107042bd,FAM-CAT-0005,SALAME MILANO,SALAME MILANO 100G,Cavour,Charcuterie,Cavour Salame Milano 100G for refrigerated B2B catalog operations.,100G,REFRIGERATED,UNSPECIFIED,UNIT,1.0,,STANDARD,9.5,PEN,PRESENT,,cavour-salame-milano-100g.jpeg,/catalog-items/cavour-salame-milano-100g.jpeg,0d1582e5e385c79448a0f717f0f1d37f5d9b6976b1c1a988dbbf5dc070106114,Cavour Salame Milano 100G,EXISTING_ICISA_PRESERVED,false,false,false,false,false,database reference only; runtime media serving not verified
CAT-0006,PROD-0006,fc0a185d-bc91-33ed-bd37-522ce8e95970,PROD-0006,fc0a185d-bc91-33ed-bd37-522ce8e95970,FAM-CAT-0005,SALAME MILANO,SALAME MILANO MOLDE 2.5KG,Cavour,Charcuterie,Cavour Salame Milano Molde 2.5Kg for refrigerated B2B catalog operations.,MOLDE 2.5KG,REFRIGERATED,UNSPECIFIED,UNIT,1.0,,STANDARD,225.0,PEN,PRESENT,,cavour-salame-milano-molde-2-5kg.png,/catalog-items/cavour-salame-milano-molde-2-5kg.png,ed5056af5c1f4b329c073fcbc4c1fedac4819d5c25c4b2e195cb0c56b81f1602,Cavour Salame Milano Molde 2 5Kg,EXISTING_ICISA_PRESERVED,false,false,false,false,false,database reference only; runtime media serving not verified
CAT-0007,PROD-0007,de978c24-ce02-312a-9acc-dfd3daecb18a,PROD-0007,de978c24-ce02-312a-9acc-dfd3daecb18a,FAM-CAT-0007,SALAME NAPOLI,SALAME NAPOLI 100G,Cavour,Charcuterie,Cavour Salame Napoli 100G for refrigerated B2B catalog operations.,100G,REFRIGERATED,UNSPECIFIED,UNIT,1.0,,STANDARD,9.5,PEN,PRESENT,,cavour-salame-napoli-100g.jpeg,/catalog-items/cavour-salame-napoli-100g.jpeg,e70788849fdd38c5a155d7c63d8407a58867a8e710adc51c45dfa566158aed5b,Cavour Salame Napoli 100G,EXISTING_ICISA_PRESERVED,false,false,false,false,false,database reference only; runtime media serving not verified
CAT-0008,PROD-0008,ed8c980f-1b9a-30ad-85dd-76dfa45e2ba1,PROD-0008,ed8c980f-1b9a-30ad-85dd-76dfa45e2ba1,FAM-CAT-0007,SALAME NAPOLI,SALAME NAPOLI MOLDE 1.5KG,Cavour,Charcuterie,Cavour Salame Napoli Molde 1.5Kg for refrigerated B2B catalog operations.,MOLDE 1.5KG,REFRIGERATED,UNSPECIFIED,UNIT,1.0,,STANDARD,135.0,PEN,PRESENT,,cavour-salame-napoli-molde-1-5kg.png,/catalog-items/cavour-salame-napoli-molde-1-5kg.png,6df46831c5b64a017897082f18306f5d43a89940cb4d1425db9ff96b8810ad05,Cavour Salame Napoli Molde 1 5Kg,EXISTING_ICISA_PRESERVED,false,false,false,false,false,database reference only; runtime media serving not verified
CAT-0055,PROD-0055,6745499c-2d3e-3cc7-8d33-ff75ec695be5,PROD-0055,6745499c-2d3e-3cc7-8d33-ff75ec695be5,FAM-CAT-0055,QUESO CREMA AHUMADO 100G,QUESO CREMA AHUMADO 100G,Eru,Cheese,"Provisional catalog reference derived from the estimated source label ""Eru Queso Crema Ahumado 100G"". Confirm product specifications before sale.",UNSPECIFIED,REFRIGERATED,UNSPECIFIED,UNIT,1,,UNSPECIFIED,7.80,PEN,PROVISIONAL_REFERENCE,,eru_queso-crema-ahumado_100g.png,/catalog-items/eru_queso-crema-ahumado_100g.png,663fe82377a306050a180ff2196251823bd26fea50a6d618f9e34c2db8dd2408,Eru Queso Crema Ahumado 100G,NEW_PROVISIONAL_REFERENCE,true,true,true,true,true,database reference only; runtime media serving not verified
CAT-0056,PROD-0056,8a0ed000-0015-301e-ae8e-2a8d12e0ff66,PROD-0056,8a0ed000-0015-301e-ae8e-2a8d12e0ff66,FAM-CAT-0056,QUESO CREMA GOUDA 100G,QUESO CREMA GOUDA 100G,Eru,Cheese,"Provisional catalog reference derived from the estimated source label ""Eru Queso Crema Gouda 100G"". Confirm product specifications before sale.",UNSPECIFIED,REFRIGERATED,UNSPECIFIED,UNIT,1,,UNSPECIFIED,7.80,PEN,PROVISIONAL_REFERENCE,,eru_queso-crema-gouda_100g.png,/catalog-items/eru_queso-crema-gouda_100g.png,22ca92464fb8f27cee56b76789c18d14ed0241d7f198bffdfdc0b4216a55f0e5,Eru Queso Crema Gouda 100G,NEW_PROVISIONAL_REFERENCE,true,true,true,true,true,database reference only; runtime media serving not verified
CAT-0057,PROD-0057,a469f1cd-3961-3a74-92f1-5557bd96d755,PROD-0057,a469f1cd-3961-3a74-92f1-5557bd96d755,FAM-CAT-0057,QUESO CREMA GRUYERE 100G,QUESO CREMA GRUYERE 100G,Eru,Cheese,"Provisional catalog reference derived from the estimated source label ""Eru Queso Crema Gruyere 100G"". Confirm product specifications before sale.",UNSPECIFIED,REFRIGERATED,UNSPECIFIED,UNIT,1,,UNSPECIFIED,7.80,PEN,PROVISIONAL_REFERENCE,,eru_queso-crema-gruyere_100g.png,/catalog-items/eru_queso-crema-gruyere_100g.png,4db3bd2da79153102d1e68dd6b1fe0646a5a70b3b953e91d1573e7b13c496df3,Eru Queso Crema Gruyere 100G,NEW_PROVISIONAL_REFERENCE,true,true,true,true,true,database reference only; runtime media serving not verified
CAT-0058,PROD-0058,e60ad785-4861-35de-a10c-953c78ef17bb,PROD-0058,e60ad785-4861-35de-a10c-953c78ef17bb,FAM-CAT-0058,QUESO CREMA MAASDAM 100G,QUESO CREMA MAASDAM 100G,Eru,Cheese,"Provisional catalog reference derived from the estimated source label ""Eru Queso Crema Maasdam 100G"". Confirm product specifications before sale.",UNSPECIFIED,REFRIGERATED,UNSPECIFIED,UNIT,1,,UNSPECIFIED,7.80,PEN,PROVISIONAL_REFERENCE,,eru_queso-crema-maasdam_100g.png,/catalog-items/eru_queso-crema-maasdam_100g.png,4446545edf8a8c8300e83f0ebf863709a80630b9e504a83bd66dfd8f1aebdbf8,Eru Queso Crema Maasdam 100G,NEW_PROVISIONAL_REFERENCE,true,true,true,true,true,database reference only; runtime media serving not verified
CAT-0009,PROD-0009,66e5ad33-17e7-395a-8490-562edd1c6ccb,PROD-0009,66e5ad33-17e7-395a-8490-562edd1c6ccb,FAM-CAT-0009,QUESO AHUMADO JAMON,QUESO AHUMADO JAMON MOLDE 3KG,Gestam,Cheese,Gestam Queso Ahumado Jamon Molde 3Kg for refrigerated B2B catalog operations.,MOLDE 3KG,REFRIGERATED,UNSPECIFIED,UNIT,1.0,,STANDARD,177.0,PEN,PRESENT,,gestam-queso-ahumado-jamon-molde-3kg.png,/catalog-items/gestam-queso-ahumado-jamon-molde-3kg.png,e5b918444621d47826030f151cdeba3d8a31217282747aba7a9c1814c5cf8a66,Gestam Queso Ahumado Jamon Molde 3Kg,EXISTING_ICISA_PRESERVED,false,false,false,false,false,database reference only; runtime media serving not verified
CAT-0010,PROD-0010,a82b3bb0-67ad-30e7-a67a-72afaf25c58c,PROD-0010,a82b3bb0-67ad-30e7-a67a-72afaf25c58c,FAM-CAT-0010,QUESO AHUMADO NATURAL,QUESO AHUMADO NATURAL MOLDE 3KG,Gestam,Cheese,Gestam Queso Ahumado Natural Molde 3Kg for refrigerated B2B catalog operations.,MOLDE 3KG,REFRIGERATED,UNSPECIFIED,UNIT,1.0,,STANDARD,156.0,PEN,PRESENT,,gestam-queso-ahumado-natural-molde-3kg.png,/catalog-items/gestam-queso-ahumado-natural-molde-3kg.png,bc664836db03c4390dd8cd75ec17e101dd3014369fde07c4427c66dc86741df9,Gestam Queso Ahumado Natural Molde 3Kg,EXISTING_ICISA_PRESERVED,false,false,false,false,false,database reference only; runtime media serving not verified
CAT-0011,PROD-0011,bec792c9-fa84-35dc-9605-28b82ad1f69f,PROD-0011,bec792c9-fa84-35dc-9605-28b82ad1f69f,FAM-CAT-0011,QUESO AHUMADO PICANTE,QUESO AHUMADO PICANTE MOLDE 3KG,Gestam,Cheese,Gestam Queso Ahumado Picante Molde 3Kg for refrigerated B2B catalog operations.,MOLDE 3KG,REFRIGERATED,UNSPECIFIED,UNIT,1.0,,STANDARD,171.0,PEN,PRESENT,,gestam-queso-ahumado-picante-molde-3kg.png,/catalog-items/gestam-queso-ahumado-picante-molde-3kg.png,a70bd9acf5a7050c6d74a2358198216dab8991986f1470dd80d1c3e1f55c530b,Gestam Queso Ahumado Picante Molde 3Kg,EXISTING_ICISA_PRESERVED,false,false,false,false,false,database reference only; runtime media serving not verified
CAT-0012,PROD-0012,a7a60d1e-aa22-3dc8-853c-bdccc63e3d5c,PROD-0012,a7a60d1e-aa22-3dc8-853c-bdccc63e3d5c,FAM-CAT-0012,QUESO EDAM BOLA,QUESO EDAM BOLA CORTE,Gestam,Cheese,Gestam Queso Edam Bola Corte for refrigerated B2B catalog operations.,CORTE,REFRIGERATED,UNSPECIFIED,UNIT,1.0,,STANDARD,33.44,PEN,PRESENT,,gestam-queso-edam-bola-corte.png,/catalog-items/gestam-queso-edam-bola-corte.png,737df6539324c0b0bda80fc606302ac657abfbdd10b31a13279fe51c284c4c1f,Gestam Queso Edam Bola Corte,EXISTING_ICISA_PRESERVED,false,false,false,false,false,database reference only; runtime media serving not verified
CAT-0013,PROD-0013,6db71fad-5f9a-3d59-bacd-8b1841dc3731,PROD-0013,6db71fad-5f9a-3d59-bacd-8b1841dc3731,FAM-CAT-0012,QUESO EDAM BOLA,QUESO EDAM BOLA MOLDE 1.9KG,Gestam,Cheese,Gestam Queso Edam Bola Molde 1.9Kg for refrigerated B2B catalog operations.,MOLDE 1.9KG,REFRIGERATED,UNSPECIFIED,UNIT,1.0,,STANDARD,112.1,PEN,PRESENT,,gestam-queso-edam-bola-molde-1-9kg.png,/catalog-items/gestam-queso-edam-bola-molde-1-9kg.png,a4a1eb7c86b84f380adaea9be2ab918cb5a89615834acbaeb7e91746f081f22a,Gestam Queso Edam Bola Molde 1 9Kg,EXISTING_ICISA_PRESERVED,false,false,false,false,false,database reference only; runtime media serving not verified
CAT-0014,PROD-0014,da70580e-1280-3348-93f7-ae5aac2942c8,PROD-0014,da70580e-1280-3348-93f7-ae5aac2942c8,FAM-GOUDA,QUESO GOUDA,QUESO GOUDA CABRA CORTE,Gestam,Cheese,Gestam Queso Gouda Cabra Corte for refrigerated B2B catalog operations.,CORTE,REFRIGERATED,UNSPECIFIED,UNIT,1.0,,STANDARD,49.28,PEN,PRESENT,,gestam-queso-gouda-cabra-corte.jpeg,/catalog-items/gestam-queso-gouda-cabra-corte.jpeg,8c37573bbaf3f034f98a2347a6eceb8392f431fa3e752fe1e82a18a04fd80196,Gestam Queso Gouda Cabra Corte,EXISTING_ICISA_PRESERVED,false,false,false,false,false,database reference only; runtime media serving not verified
CAT-0015,PROD-0015,53709e39-6d68-3ebd-a12e-d75ebde93b77,PROD-0015,53709e39-6d68-3ebd-a12e-d75ebde93b77,FAM-GOUDA,QUESO GOUDA,QUESO GOUDA CABRA MOLDE 5KG,Gestam,Cheese,Gestam Queso Gouda Cabra Molde 5Kg for refrigerated B2B catalog operations.,MOLDE 5KG,REFRIGERATED,UNSPECIFIED,UNIT,1.0,,STANDARD,435.0,PEN,PRESENT,,gestam-queso-gouda-cabra-molde-5kg.png,/catalog-items/gestam-queso-gouda-cabra-molde-5kg.png,41e83ea8ec3e28e54bab9e04439ad1fe7db53ffb728534c48991aeab4b58b835,Gestam Queso Gouda Cabra Molde 5Kg,EXISTING_ICISA_PRESERVED,false,false,false,false,false,database reference only; runtime media serving not verified
CAT-0016,PROD-0016,555ab948-0215-3a92-ab4d-fa609eb85e82,PROD-0016,555ab948-0215-3a92-ab4d-fa609eb85e82,FAM-GOUDA,QUESO GOUDA,QUESO GOUDA CHILI CORTE,Gestam,Cheese,Gestam Queso Gouda Chili Corte for refrigerated B2B catalog operations.,CORTE,REFRIGERATED,UNSPECIFIED,UNIT,1.0,,STANDARD,40.2,PEN,PRESENT,,gestam-queso-gouda-chili-corte.png,/catalog-items/gestam-queso-gouda-chili-corte.png,83f25731868a5498762cd692a25ff01dd4a999afcf02d0c017b5dce785d4d84f,Gestam Queso Gouda Chili Corte,EXISTING_ICISA_PRESERVED,false,false,false,false,false,database reference only; runtime media serving not verified
CAT-0017,PROD-0017,f7c1e6af-9de4-37c7-b5b9-7e4c1019f911,PROD-0017,f7c1e6af-9de4-37c7-b5b9-7e4c1019f911,FAM-GOUDA,QUESO GOUDA,QUESO GOUDA CHILI MOLDE 4.5KG,Gestam,Cheese,Gestam Queso Gouda Chili Molde 4.5Kg for refrigerated B2B catalog operations.,MOLDE 4.5KG,REFRIGERATED,UNSPECIFIED,UNIT,1.0,,STANDARD,319.5,PEN,PRESENT,,gestam-queso-gouda-chili-molde-4-5kg.png,/catalog-items/gestam-queso-gouda-chili-molde-4-5kg.png,9d7e1ac170be17fcf83bd4f36c35108e5092e19867a23c7bff08c36f84efc685,Gestam Queso Gouda Chili Molde 4 5Kg,EXISTING_ICISA_PRESERVED,false,false,false,false,false,database reference only; runtime media serving not verified
CAT-0018,PROD-0018,51e81eac-9f01-31de-9cda-ab6dfcd5411c,PROD-0018,51e81eac-9f01-31de-9cda-ab6dfcd5411c,FAM-GOUDA,QUESO GOUDA,QUESO GOUDA COMINO CORTE,Gestam,Cheese,Gestam Queso Gouda Comino Corte for refrigerated B2B catalog operations.,CORTE,REFRIGERATED,UNSPECIFIED,UNIT,1.0,,STANDARD,35.7,PEN,PRESENT,,gestam-queso-gouda-comino-corte.png,/catalog-items/gestam-queso-gouda-comino-corte.png,9c0be226cca27f5c8df3f225240b45a2561d5aaac9ac05a2df4c45a249d29157,Gestam Queso Gouda Comino Corte,EXISTING_ICISA_PRESERVED,false,false,false,false,false,database reference only; runtime media serving not verified
CAT-0019,PROD-0019,b304cfe8-8b1a-3f64-b06a-984395a1d4dc,PROD-0019,b304cfe8-8b1a-3f64-b06a-984395a1d4dc,FAM-GOUDA,QUESO GOUDA,QUESO GOUDA COMINO MOLDE 4.5KG,Gestam,Cheese,Gestam Queso Gouda Comino Molde 4.5Kg for refrigerated B2B catalog operations.,MOLDE 4.5KG,REFRIGERATED,UNSPECIFIED,UNIT,1.0,,STANDARD,283.5,PEN,PRESENT,,gestam-queso-gouda-comino-molde-4-5kg.png,/catalog-items/gestam-queso-gouda-comino-molde-4-5kg.png,5f12d3a321170048f64369a379e96ada61100b92d81a82fee39d693a3b188561,Gestam Queso Gouda Comino Molde 4 5Kg,EXISTING_ICISA_PRESERVED,false,false,false,false,false,database reference only; runtime media serving not verified
CAT-0020,PROD-0020,a88d3fe2-89fb-3966-9ff4-4478f31ec57f,PROD-0020,a88d3fe2-89fb-3966-9ff4-4478f31ec57f,FAM-GOUDA,QUESO GOUDA,QUESO GOUDA FINAS HIERBAS CORTE,Gestam,Cheese,Gestam Queso Gouda Finas Hierbas Corte for refrigerated B2B catalog operations.,CORTE,REFRIGERATED,UNSPECIFIED,UNIT,1.0,,STANDARD,40.2,PEN,PRESENT,,gestam-queso-gouda-finas-hierbas-corte.jpeg,/catalog-items/gestam-queso-gouda-finas-hierbas-corte.jpeg,fac6342b1f71583a3b15dbba40ddc2596e1d8b553ad125018809dbac1ad29b91,Gestam Queso Gouda Finas Hierbas Corte,EXISTING_ICISA_PRESERVED,false,false,false,false,false,database reference only; runtime media serving not verified
CAT-0021,PROD-0021,9d945952-39e6-332f-903a-1b0d77e3f919,PROD-0021,9d945952-39e6-332f-903a-1b0d77e3f919,FAM-GOUDA,QUESO GOUDA,QUESO GOUDA FINAS HIERBAS MOLDE 4.5KG,Gestam,Cheese,Gestam Queso Gouda Finas Hierbas Molde 4.5Kg for refrigerated B2B catalog operations.,MOLDE 4.5KG,REFRIGERATED,UNSPECIFIED,UNIT,1.0,,STANDARD,319.5,PEN,PRESENT,,gestam-queso-gouda-finas-hierbas-molde-4-5kg.png,/catalog-items/gestam-queso-gouda-finas-hierbas-molde-4-5kg.png,5caf9a4c28973ebc65bf6cd2b23df2539cb71e6d45228e1b946c41af4885f0fc,Gestam Queso Gouda Finas Hierbas Molde 4 5Kg,EXISTING_ICISA_PRESERVED,false,false,false,false,false,database reference only; runtime media serving not verified
CAT-0022,PROD-0022,ba97bd23-f337-33f0-ae7b-bf705636e6de,PROD-0022,ba97bd23-f337-33f0-ae7b-bf705636e6de,FAM-GOUDA,QUESO GOUDA,QUESO GOUDA NATURAL CORTE,Gestam,Cheese,Gestam Queso Gouda Natural Corte for refrigerated B2B catalog operations.,CORTE,REFRIGERATED,UNSPECIFIED,UNIT,1.0,,STANDARD,32.84,PEN,PRESENT,,gestam-queso-gouda-natural-corte.png,/catalog-items/gestam-queso-gouda-natural-corte.png,5e0d823b6a5e3e2f115c40d78ecaf5c1d6c92dba2c424015f2f1152b57d03eba,Gestam Queso Gouda Natural Corte,EXISTING_ICISA_PRESERVED,false,false,false,false,false,database reference only; runtime media serving not verified
CAT-0023,PROD-0023,3b4d4e67-331c-31c3-99cf-9422ed02809f,PROD-0023,3b4d4e67-331c-31c3-99cf-9422ed02809f,FAM-GOUDA,QUESO GOUDA,QUESO GOUDA NATURAL MOLDE 4.5KG,Gestam,Cheese,Gestam Queso Gouda Natural Molde 4.5Kg for refrigerated B2B catalog operations.,MOLDE 4.5KG,REFRIGERATED,UNSPECIFIED,UNIT,1.0,,STANDARD,261.0,PEN,PRESENT,,gestam-queso-gouda-natural-molde-4-5kg.png,/catalog-items/gestam-queso-gouda-natural-molde-4-5kg.png,4720342b96ef55eff915b360b6b9c610fd061247533300993c77c19bfeba5190,Gestam Queso Gouda Natural Molde 4 5Kg,EXISTING_ICISA_PRESERVED,false,false,false,false,false,database reference only; runtime media serving not verified
CAT-0024,PROD-0024,92745aea-2146-34a4-bb75-4da8ed41028d,PROD-0024,92745aea-2146-34a4-bb75-4da8ed41028d,FAM-GOUDA,QUESO GOUDA,QUESO GOUDA PIMIENTA CORTE,Gestam,Cheese,Gestam Queso Gouda Pimienta Corte for refrigerated B2B catalog operations.,CORTE,REFRIGERATED,UNSPECIFIED,UNIT,1.0,,STANDARD,40.2,PEN,PRESENT,,gestam-queso-gouda-pimienta-corte.jpeg,/catalog-items/gestam-queso-gouda-pimienta-corte.jpeg,83a3b24ca48a6f05c6ae422a8dc0956cc7e965a24f31874b9e6921a9593ce501,Gestam Queso Gouda Pimienta Corte,EXISTING_ICISA_PRESERVED,false,false,false,false,false,database reference only; runtime media serving not verified
CAT-0025,PROD-0025,cdc989b9-d79f-3a2b-8634-9346656ba219,PROD-0025,cdc989b9-d79f-3a2b-8634-9346656ba219,FAM-GOUDA,QUESO GOUDA,QUESO GOUDA PIMIENTA MOLDE 4.5KG,Gestam,Cheese,Gestam Queso Gouda Pimienta Molde 4.5Kg for refrigerated B2B catalog operations.,MOLDE 4.5KG,REFRIGERATED,UNSPECIFIED,UNIT,1.0,,STANDARD,319.5,PEN,PRESENT,,gestam-queso-gouda-pimienta-molde-4-5kg.png,/catalog-items/gestam-queso-gouda-pimienta-molde-4-5kg.png,2db361045d637bb812cf9bcea63548b3efda2941fc7eb7dee2ff1c0c10b8437d,Gestam Queso Gouda Pimienta Molde 4 5Kg,EXISTING_ICISA_PRESERVED,false,false,false,false,false,database reference only; runtime media serving not verified
CAT-0026,PROD-0026,0dbe61f7-f326-30bb-b44d-d398094fb314,PROD-0026,0dbe61f7-f326-30bb-b44d-d398094fb314,FAM-CAT-0026,QUESO MAASDAM,QUESO MAASDAM CORTE,Gestam,Cheese,Gestam Queso Maasdam Corte for refrigerated B2B catalog operations.,CORTE,REFRIGERATED,UNSPECIFIED,UNIT,1.0,,STANDARD,31.19,PEN,PRESENT,,gestam-queso-maasdam-corte.png,/catalog-items/gestam-queso-maasdam-corte.png,d70d5308dc676dc5fee34f108f5edde90b86df8b78654d4a3063d56ff41ba398,Gestam Queso Maasdam Corte,EXISTING_ICISA_PRESERVED,false,false,false,false,false,database reference only; runtime media serving not verified
CAT-0027,PROD-0027,01492aa0-8d7f-3178-b9cf-6b749975196e,PROD-0027,01492aa0-8d7f-3178-b9cf-6b749975196e,FAM-CAT-0026,QUESO MAASDAM,QUESO MAASDAM MOLDE 12.5KG,Gestam,Cheese,Gestam Queso Maasdam Molde 12.5Kg for refrigerated B2B catalog operations.,MOLDE 12.5KG,REFRIGERATED,UNSPECIFIED,UNIT,1.0,,STANDARD,687.5,PEN,PRESENT,,gestam-queso-maasdam-molde-12-5kg.png,/catalog-items/gestam-queso-maasdam-molde-12-5kg.png,8d0c75744ceff85077949797835b024b83a52675f8674081c5e0b68172d44fb6,Gestam Queso Maasdam Molde 12 5Kg,EXISTING_ICISA_PRESERVED,false,false,false,false,false,database reference only; runtime media serving not verified
CAT-0059,PROD-0059,dcbf55c0-d43c-30a3-8d0d-d7472f7501f4,PROD-0059,dcbf55c0-d43c-30a3-8d0d-d7472f7501f4,FAM-CAT-0059,MANTEQUILLA TOURAGE 82 MOLDE 1KG,MANTEQUILLA TOURAGE 82 MOLDE 1KG,Grand Fermage,Butter,"Provisional catalog reference derived from the estimated source label ""Grand Fermage Mantequilla Tourage 82 Molde 1Kg"". Confirm product specifications before sale.",UNSPECIFIED,REFRIGERATED,UNSPECIFIED,UNIT,1,,UNSPECIFIED,70.00,PEN,PROVISIONAL_REFERENCE,,grand-fermage_mantequilla-tourage-82_molde-1kg.jpeg,/catalog-items/grand-fermage_mantequilla-tourage-82_molde-1kg.jpeg,50e33c71ed50e9455f8d17db36a0156a70446647b41a41cce0e84218dbf70c37,Grand Fermage Mantequilla Tourage 82 Molde 1Kg,NEW_PROVISIONAL_REFERENCE,true,true,true,true,true,database reference only; runtime media serving not verified
CAT-0028,PROD-0028,a5cf4c02-4aa3-3d69-af32-d2e28b4624c3,PROD-0028,a5cf4c02-4aa3-3d69-af32-d2e28b4624c3,FAM-CAT-0028,QUESO DANISH BLUE,QUESO DANISH BLUE 100G,Green Island,Cheese,Green Island Queso Danish Blue 100G for refrigerated B2B catalog operations.,100G,REFRIGERATED,UNSPECIFIED,UNIT,1.0,,STANDARD,53.0,PEN,PRESENT,,green-island-queso-danish-blue-100g.png,/catalog-items/green-island-queso-danish-blue-100g.png,21ace2b40ee08bc0f1b8bb3f3c0e9abc75de629b231941d1cbe091b5176c5389,Green Island Queso Danish Blue 100G,EXISTING_ICISA_PRESERVED,false,false,false,false,false,database reference only; runtime media serving not verified
CAT-0029,PROD-0029,6afcf1dc-d486-3b60-a37d-8d3df37fb9ea,PROD-0029,6afcf1dc-d486-3b60-a37d-8d3df37fb9ea,FAM-CAT-0028,QUESO DANISH BLUE,QUESO DANISH BLUE MOLDE 3KG,Green Island,Cheese,Green Island Queso Danish Blue Molde 3Kg for refrigerated B2B catalog operations.,MOLDE 3KG,REFRIGERATED,UNSPECIFIED,UNIT,1.0,,STANDARD,159.0,PEN,PRESENT,,green-island-queso-danish-blue-molde-3kg.png,/catalog-items/green-island-queso-danish-blue-molde-3kg.png,476dfba37c0de0e7651e3ad78955530e58819e75d760580ea713901b5b3d40a8,Green Island Queso Danish Blue Molde 3Kg,EXISTING_ICISA_PRESERVED,false,false,false,false,false,database reference only; runtime media serving not verified
CAT-0030,PROD-0030,747d22ca-b6c6-39a5-9710-40b76b9f26ce,PROD-0030,747d22ca-b6c6-39a5-9710-40b76b9f26ce,FAM-CAT-0030,QUESO SLICES CHEDDAR,QUESO SLICES CHEDDAR 48U.800G,Happy Cow,Cheese,Happy Cow Queso Slices Cheddar 48U.800G for refrigerated B2B catalog operations.,48U.800G,REFRIGERATED,UNSPECIFIED,UNIT,1.0,,STANDARD,23.5,PEN,PRESENT,,happy-cow-queso-slices-cheddar-48u-800g.png,/catalog-items/happy-cow-queso-slices-cheddar-48u-800g.png,5924f8a386a8925b00032b59e88ca0ce72261562692cec645f52e8506463fb30,Happy Cow Queso Slices Cheddar 48U 800G,EXISTING_ICISA_PRESERVED,false,false,false,false,false,database reference only; runtime media serving not verified
CAT-0060,PROD-0060,9f276f20-eac1-3145-8a02-04cb9c50fcdd,PROD-0060,9f276f20-eac1-3145-8a02-04cb9c50fcdd,FAM-CAT-0060,QUESO TRIANGULO REGULAR 120G,QUESO TRIANGULO REGULAR 120G,Happy Cow,Cheese,"Provisional catalog reference derived from the estimated source label ""Happy Cow Queso Triangulo Regular 120G"". Confirm product specifications before sale.",UNSPECIFIED,REFRIGERATED,UNSPECIFIED,UNIT,1,,UNSPECIFIED,9.36,PEN,PROVISIONAL_REFERENCE,,happy-cow_queso-triangulo-regular_120g.png,/catalog-items/happy-cow_queso-triangulo-regular_120g.png,e746da01eaba9ad82304c5b4247f122be5225136ef5dfd049c3c93f3d3d769b1,Happy Cow Queso Triangulo Regular 120G,NEW_PROVISIONAL_REFERENCE,true,true,true,true,true,database reference only; runtime media serving not verified
CAT-0061,PROD-0061,37d1441a-2e36-319b-b781-9d16d41fd034,PROD-0061,37d1441a-2e36-319b-b781-9d16d41fd034,FAM-CAT-0061,QUESO AHUMADO JAMON MOLDE 3KG,QUESO AHUMADO JAMON MOLDE 3KG,Jandammer,Cheese,"Provisional catalog reference derived from the estimated source label ""Jandammer Queso Ahumado Jamon Molde 3Kg"". Confirm product specifications before sale.",UNSPECIFIED,REFRIGERATED,UNSPECIFIED,UNIT,1,,UNSPECIFIED,177.00,PEN,PROVISIONAL_REFERENCE,,jandammer_queso-ahumado-jamon_molde-3kg.png,/catalog-items/jandammer_queso-ahumado-jamon_molde-3kg.png,9ee7e70f8a1d50aa7fa8780500d4fdb35f68ad6515b2c31128cce1b7bc4aff78,Jandammer Queso Ahumado Jamon Molde 3Kg,NEW_PROVISIONAL_REFERENCE,true,true,true,true,true,database reference only; runtime media serving not verified
CAT-0062,PROD-0062,fda1f8fd-c1aa-3cc6-a9f6-4e976c30df69,PROD-0062,fda1f8fd-c1aa-3cc6-a9f6-4e976c30df69,FAM-CAT-0062,QUESO EDAM BOLA AL PESO,QUESO EDAM BOLA AL PESO,Jandammer,Cheese,"Provisional catalog reference derived from the estimated source label ""Jandammer Queso Edam Bola Al Peso"". Confirm product specifications before sale.",UNSPECIFIED,REFRIGERATED,UNSPECIFIED,UNIT,1,,UNSPECIFIED,33.44,PEN,PROVISIONAL_REFERENCE,,jandammer_queso-edam-bola_al-peso.png,/catalog-items/jandammer_queso-edam-bola_al-peso.png,a6f46de2aee4eedfdf9dc3de179d9292e294a0b1121943683d090609450ccb01,Jandammer Queso Edam Bola Al Peso,NEW_PROVISIONAL_REFERENCE,true,true,true,true,true,database reference only; runtime media serving not verified
CAT-0063,PROD-0063,e8ea1b78-5ddf-3939-999e-6c7fb268819c,PROD-0063,e8ea1b78-5ddf-3939-999e-6c7fb268819c,FAM-CAT-0063,QUESO GOUDA CHILI MOLDE 4.5KG,QUESO GOUDA CHILI MOLDE 4.5KG,Jandammer,Cheese,"Provisional catalog reference derived from the estimated source label ""Jandammer Queso Gouda Chili Molde 4.5Kg"". Confirm product specifications before sale.",UNSPECIFIED,REFRIGERATED,UNSPECIFIED,UNIT,1,,UNSPECIFIED,319.50,PEN,PROVISIONAL_REFERENCE,,jandammer_queso-gouda-chili_molde-4.5kg.png,/catalog-items/jandammer_queso-gouda-chili_molde-4.5kg.png,03cf66574a6fd1a818244be2447ae2c42efce5bf5e8913c4ecdfeef170f7654e,Jandammer Queso Gouda Chili Molde 4.5Kg,NEW_PROVISIONAL_REFERENCE,true,true,true,true,true,database reference only; runtime media serving not verified
CAT-0064,PROD-0064,c481736a-c517-3332-bf74-a8b95f219e07,PROD-0064,c481736a-c517-3332-bf74-a8b95f219e07,FAM-CAT-0064,QUESO GOUDA COMINO AL PESO,QUESO GOUDA COMINO AL PESO,Jandammer,Cheese,"Provisional catalog reference derived from the estimated source label ""Jandammer Queso Gouda Comino Al Peso"". Confirm product specifications before sale.",UNSPECIFIED,REFRIGERATED,UNSPECIFIED,UNIT,1,,UNSPECIFIED,35.70,PEN,PROVISIONAL_REFERENCE,,jandammer_queso-gouda-comino_al-peso.jpeg,/catalog-items/jandammer_queso-gouda-comino_al-peso.jpeg,1309d083dabdcb2355dd94783c570b7874874e5da5556806c0032893b816cfd8,Jandammer Queso Gouda Comino Al Peso,NEW_PROVISIONAL_REFERENCE,true,true,true,true,true,database reference only; runtime media serving not verified
CAT-0065,PROD-0065,0cb3f581-ecd9-358f-97e8-9d63d6001404,PROD-0065,0cb3f581-ecd9-358f-97e8-9d63d6001404,FAM-CAT-0065,QUESO GOUDA NATURAL AL PESO,QUESO GOUDA NATURAL AL PESO,Jandammer,Cheese,"Provisional catalog reference derived from the estimated source label ""Jandammer Queso Gouda Natural Al Peso"". Confirm product specifications before sale.",UNSPECIFIED,REFRIGERATED,UNSPECIFIED,UNIT,1,,UNSPECIFIED,32.84,PEN,PROVISIONAL_REFERENCE,,jandammer_queso-gouda-natural_al-peso.jpeg,/catalog-items/jandammer_queso-gouda-natural_al-peso.jpeg,a2b65dbed64f84ea36ab44da472e7b83a1e1612e25febef19d3c5690b75678d9,Jandammer Queso Gouda Natural Al Peso,NEW_PROVISIONAL_REFERENCE,true,true,true,true,true,database reference only; runtime media serving not verified
CAT-0066,PROD-0066,5d9ad8a8-a3db-3a8a-8e4b-8cdc16efbc5a,PROD-0066,5d9ad8a8-a3db-3a8a-8e4b-8cdc16efbc5a,FAM-CAT-0066,QUESO GOUDA NATURAL MOLDE 3KG,QUESO GOUDA NATURAL MOLDE 3KG,Jandammer,Cheese,"Provisional catalog reference derived from the estimated source label ""Jandammer Queso Gouda Natural Molde 3Kg"". Confirm product specifications before sale.",UNSPECIFIED,REFRIGERATED,UNSPECIFIED,UNIT,1,,UNSPECIFIED,174.00,PEN,PROVISIONAL_REFERENCE,,jandammer_queso-gouda-natural_molde-3kg.png,/catalog-items/jandammer_queso-gouda-natural_molde-3kg.png,6cd66b337715a984fa7126156cb6ff075e4bd1c1d1f1e610c4195ee19642a0e0,Jandammer Queso Gouda Natural Molde 3Kg,NEW_PROVISIONAL_REFERENCE,true,true,true,true,true,database reference only; runtime media serving not verified
CAT-0067,PROD-0067,7ada08a2-dab8-3746-925c-b674759a9100,PROD-0067,7ada08a2-dab8-3746-925c-b674759a9100,FAM-CAT-0067,QUESO MAASDAM AL PESO,QUESO MAASDAM AL PESO,Jandammer,Cheese,"Provisional catalog reference derived from the estimated source label ""Jandammer Queso Maasdam Al Peso"". Confirm product specifications before sale.",UNSPECIFIED,REFRIGERATED,UNSPECIFIED,UNIT,1,,UNSPECIFIED,31.19,PEN,PROVISIONAL_REFERENCE,,jandammer_queso-maasdam_al-peso.jpeg,/catalog-items/jandammer_queso-maasdam_al-peso.jpeg,c8965b312cb5c566a68f30ba1869f92e648a1ba3081e7c220d36323f8c149d06,Jandammer Queso Maasdam Al Peso,NEW_PROVISIONAL_REFERENCE,true,true,true,true,true,database reference only; runtime media serving not verified
CAT-0031,PROD-0031,60d94f86-56e2-36f9-a760-72c9937bce83,PROD-0031,60d94f86-56e2-36f9-a760-72c9937bce83,FAM-CAT-0031,PROSCIUTTO CRUDO MATTONELLA,PROSCIUTTO CRUDO MATTONELLA MOLDE 4KG,Le Charcutier,Charcuterie,Le Charcutier Prosciutto Crudo Mattonella Molde 4Kg for refrigerated B2B catalog operations.,MOLDE 4KG,REFRIGERATED,UNSPECIFIED,UNIT,1.0,,STANDARD,500.0,PEN,PRESENT,,le-charcutier-prosciutto-crudo-premium-mattonella-molde-4kg.png,/catalog-items/le-charcutier-prosciutto-crudo-premium-mattonella-molde-4kg.png,82197fe89c2891a5fde5e7f4dbc5270fbda8643aaacfdcf8c9b78576ba752fad,Le Charcutier Prosciutto Crudo Premium Mattonella Molde 4Kg,EXISTING_ICISA_PRESERVED,false,false,false,false,false,database reference only; runtime media serving not verified
CAT-0068,PROD-0068,2c0fd146-1338-37bd-bc38-1406e945b53c,PROD-0068,2c0fd146-1338-37bd-bc38-1406e945b53c,FAM-CAT-0068,MORTADELLA CON PISTACCHIO 100G,MORTADELLA CON PISTACCHIO 100G,Le Charcutier,Charcuterie,"Provisional catalog reference derived from the estimated source label ""Le Charcutier Mortadella Con Pistacchio 100G"". Confirm product specifications before sale.",UNSPECIFIED,REFRIGERATED,UNSPECIFIED,UNIT,1,,UNSPECIFIED,9.20,PEN,PROVISIONAL_REFERENCE,,le-charcutier_mortadella-con-pistacchio_100g.jpeg,/catalog-items/le-charcutier_mortadella-con-pistacchio_100g.jpeg,ef13580187f2d2814903c803f4d29d8d33506590f2db0338846247545ebe8357,Le Charcutier Mortadella Con Pistacchio 100G,NEW_PROVISIONAL_REFERENCE,true,true,true,true,true,database reference only; runtime media serving not verified
CAT-0069,PROD-0069,91b90af1-ccbe-3c6c-9e64-3dc934082220,PROD-0069,91b90af1-ccbe-3c6c-9e64-3dc934082220,FAM-CAT-0069,PROSCIUTTO CRUDO PREMIUM 100G,PROSCIUTTO CRUDO PREMIUM 100G,Le Charcutier,Charcuterie,"Provisional catalog reference derived from the estimated source label ""Le Charcutier Prosciutto Crudo Premium 100G"". Confirm product specifications before sale.",UNSPECIFIED,REFRIGERATED,UNSPECIFIED,UNIT,1,,UNSPECIFIED,12.50,PEN,PROVISIONAL_REFERENCE,,le-charcutier_prosciutto-crudo-premium_100g.png,/catalog-items/le-charcutier_prosciutto-crudo-premium_100g.png,7e1d9c099b9f953ac426452cdbe8fde2d579b25981213963f588db30e901cada,Le Charcutier Prosciutto Crudo Premium 100G,NEW_PROVISIONAL_REFERENCE,true,true,true,true,true,database reference only; runtime media serving not verified
CAT-0032,PROD-0032,5eeaeb15-f84b-3f9f-8173-d6c5c2895128,PROD-0032,5eeaeb15-f84b-3f9f-8173-d6c5c2895128,FAM-CAT-0032,QUESO FETA DOP,QUESO FETA DOP CORTE,Le Fromelier,Cheese,Le Fromelier Queso Feta Dop Corte for refrigerated B2B catalog operations.,CORTE,REFRIGERATED,UNSPECIFIED,UNIT,1.0,,STANDARD,40.81,PEN,PRESENT,,le-fromelier-queso-feta-dop-corte.png,/catalog-items/le-fromelier-queso-feta-dop-corte.png,f52a74cc94f4b627969bd7f066c7ddd896b97648a604d2b3052f601b2e751aa6,Le Fromelier Queso Feta Dop Corte,EXISTING_ICISA_PRESERVED,false,false,false,false,false,database reference only; runtime media serving not verified
CAT-0070,PROD-0070,7b0853cc-a3e6-30f2-a8f6-0fa0c0db5a00,PROD-0070,7b0853cc-a3e6-30f2-a8f6-0fa0c0db5a00,FAM-CAT-0070,QUESO FETA 43 MG,QUESO FETA 43 MG,Le Fromelier,Cheese,"Provisional catalog reference derived from the estimated source label ""Le Fromelier Queso Feta 43 Mg"". Confirm product specifications before sale.",UNSPECIFIED,REFRIGERATED,UNSPECIFIED,UNIT,1,,UNSPECIFIED,40.81,PEN,PROVISIONAL_REFERENCE,,le-fromelier_queso-feta-43_mg.png,/catalog-items/le-fromelier_queso-feta-43_mg.png,c8a47c3a0926d5cb623e50aa0ec78366949cb6da2eb626805a9dfe4d23ab7570,Le Fromelier Queso Feta 43 Mg,NEW_PROVISIONAL_REFERENCE,true,true,true,true,true,database reference only; runtime media serving not verified
CAT-0071,PROD-0071,9fed3c29-da4f-30f4-a636-2c1b12d9fbc1,PROD-0071,9fed3c29-da4f-30f4-a636-2c1b12d9fbc1,FAM-CAT-0071,QUESO PARA RAYAR MOLDE,QUESO PARA RAYAR MOLDE,Monti Trentini,Cheese,"Provisional catalog reference derived from the estimated source label ""Monti Trentini Queso Para Rayar Molde"". Confirm product specifications before sale.",UNSPECIFIED,REFRIGERATED,UNSPECIFIED,UNIT,1,,UNSPECIFIED,213.50,PEN,PROVISIONAL_REFERENCE,,monti-trentini_queso-para-rayar_molde.png,/catalog-items/monti-trentini_queso-para-rayar_molde.png,d20f594e5e55c611e003655413b530210f4666642cd1461e71ee9f923b94ba15,Monti Trentini Queso Para Rayar Molde,NEW_PROVISIONAL_REFERENCE,true,true,true,true,true,database reference only; runtime media serving not verified
CAT-0033,PROD-0033,4aec01b5-5d26-34dd-a02a-a2aa6c523715,PROD-0033,4aec01b5-5d26-34dd-a02a-a2aa6c523715,FAM-CAT-0033,MANTEQUILLA CON SAL,MANTEQUILLA CON SAL 20X10G,Paysan Breton,Butter,Paysan Breton Mantequilla Con Sal 20X10G for refrigerated B2B catalog operations.,20X10G,REFRIGERATED,UNSPECIFIED,UNIT,1.0,,STANDARD,14.0,PEN,PRESENT,,paysan-breton-mantequilla-con-sal-20x10g.png,/catalog-items/paysan-breton-mantequilla-con-sal-20x10g.png,0b601ad84abdd45522a36d345c0e84407c0016c435370b75ad345c3b7c56448c,Paysan Breton Mantequilla Con Sal 20X10G,EXISTING_ICISA_PRESERVED,false,false,false,false,false,database reference only; runtime media serving not verified
CAT-0034,PROD-0034,a1271bd9-24e6-3199-be4f-43f51cd10883,PROD-0034,a1271bd9-24e6-3199-be4f-43f51cd10883,FAM-CAT-0034,MANTEQUILLA SIN SAL,MANTEQUILLA SIN SAL 20X10G,Paysan Breton,Butter,Paysan Breton Mantequilla Sin Sal 20X10G for refrigerated B2B catalog operations.,20X10G,REFRIGERATED,UNSPECIFIED,UNIT,1.0,,STANDARD,14.0,PEN,PRESENT,,paysan-breton-mantequilla-sin-sal-20x10g.png,/catalog-items/paysan-breton-mantequilla-sin-sal-20x10g.png,309bd501f858a41244b556ecd8d96cf454d707328745b081df08f7d163ef6ee3,Paysan Breton Mantequilla Sin Sal 20X10G,EXISTING_ICISA_PRESERVED,false,false,false,false,false,database reference only; runtime media serving not verified
CAT-0035,PROD-0035,5b02140a-bcdb-36bd-905d-b42f60f4c3a6,PROD-0035,5b02140a-bcdb-36bd-905d-b42f60f4c3a6,FAM-CAT-0035,QUESO BLEU DAUVERGNE,QUESO BLEU DAUVERGNE 125G,Paysan Breton,Cheese,Paysan Breton Queso Bleu Dauvergne 125G for refrigerated B2B catalog operations.,125G,REFRIGERATED,UNSPECIFIED,UNIT,1.0,,STANDARD,11.9,PEN,PRESENT,,paysan-breton-queso-bleu-dauvergne-125g.png,/catalog-items/paysan-breton-queso-bleu-dauvergne-125g.png,bb45960bbfa424c78d665ce93a9cd0a29478416129b29e218bc238f7900b501c,Paysan Breton Queso Bleu Dauvergne 125G,EXISTING_ICISA_PRESERVED,false,false,false,false,false,database reference only; runtime media serving not verified
CAT-0036,PROD-0036,b2b21aae-b99b-3c92-892b-bcf68271336f,PROD-0036,b2b21aae-b99b-3c92-892b-bcf68271336f,FAM-CAT-0036,QUESO DE CABRA AFH,QUESO DE CABRA AFH 100G,Paysan Breton,Cheese,Paysan Breton Queso De Cabra Afh 100G for refrigerated B2B catalog operations.,100G,REFRIGERATED,UNSPECIFIED,UNIT,1.0,,STANDARD,13.5,PEN,PRESENT,,paysan-breton-queso-de-cabra-afh-100g.png,/catalog-items/paysan-breton-queso-de-cabra-afh-100g.png,6e5e1ee578235f2f3195a2ae29dfffc17465b3e15b2d307d826f2f0edcef050e,Paysan Breton Queso De Cabra Afh 100G,EXISTING_ICISA_PRESERVED,false,false,false,false,false,database reference only; runtime media serving not verified
CAT-0037,PROD-0037,e69fe285-fbbd-369c-9f67-75432b5bbe90,PROD-0037,e69fe285-fbbd-369c-9f67-75432b5bbe90,FAM-CAT-0037,QUESO DE CABRA MIEL,QUESO DE CABRA MIEL 100G,Paysan Breton,Cheese,Paysan Breton Queso De Cabra Miel 100G for refrigerated B2B catalog operations.,100G,REFRIGERATED,UNSPECIFIED,UNIT,1.0,,STANDARD,13.5,PEN,PRESENT,,paysan-breton-queso-de-cabra-miel-100g.png,/catalog-items/paysan-breton-queso-de-cabra-miel-100g.png,fb2f1043338686a9c98a74c5bbd5dcea5ff61b4d4bd510c02f73e44bdb084f76,Paysan Breton Queso De Cabra Miel 100G,EXISTING_ICISA_PRESERVED,false,false,false,false,false,database reference only; runtime media serving not verified
CAT-0038,PROD-0038,fc1ddab9-5675-3378-a609-9bb7ba82e53d,PROD-0038,fc1ddab9-5675-3378-a609-9bb7ba82e53d,FAM-CAT-0038,QUESO DE CABRA NATURAL,QUESO DE CABRA NATURAL 100G,Paysan Breton,Cheese,Paysan Breton Queso De Cabra Natural 100G for refrigerated B2B catalog operations.,100G,REFRIGERATED,UNSPECIFIED,UNIT,1.0,,STANDARD,13.5,PEN,PRESENT,,paysan-breton-queso-de-cabra-natural-100g.png,/catalog-items/paysan-breton-queso-de-cabra-natural-100g.png,209df62ad1c2a1f780ecbdd02521a0e9605526bd4b76784d1cdadebdc8f9aa19,Paysan Breton Queso De Cabra Natural 100G,EXISTING_ICISA_PRESERVED,false,false,false,false,false,database reference only; runtime media serving not verified
CAT-0039,PROD-0039,ecb5de60-e1b6-3916-9a83-4046aad522c9,PROD-0039,ecb5de60-e1b6-3916-9a83-4046aad522c9,FAM-CAT-0039,QUESO DE CABRA PIMIENTA,QUESO DE CABRA PIMIENTA 100G,Paysan Breton,Cheese,Paysan Breton Queso De Cabra Pimienta 100G for refrigerated B2B catalog operations.,100G,REFRIGERATED,UNSPECIFIED,UNIT,1.0,,STANDARD,13.5,PEN,PRESENT,,paysan-breton-queso-de-cabra-pimienta-100g.png,/catalog-items/paysan-breton-queso-de-cabra-pimienta-100g.png,ba1bf78b07d6b5769b61286e48527b3b8b8ca07d8bae4ddf7b8938924089cb36,Paysan Breton Queso De Cabra Pimienta 100G,EXISTING_ICISA_PRESERVED,false,false,false,false,false,database reference only; runtime media serving not verified
CAT-0040,PROD-0040,fe304321-869e-3c18-92be-c422dca1a8b7,PROD-0040,fe304321-869e-3c18-92be-c422dca1a8b7,FAM-CAT-0040,QUESO EMMENTAL,QUESO EMMENTAL CORTE,Paysan Breton,Cheese,Paysan Breton Queso Emmental Corte for refrigerated B2B catalog operations.,CORTE,REFRIGERATED,UNSPECIFIED,UNIT,1.0,,STANDARD,34.54,PEN,PRESENT,,paysan-breton-queso-emmental-corte.png,/catalog-items/paysan-breton-queso-emmental-corte.png,41b33cab2dcccebe76b7c3af0e188f530eb75b85af76c6b315a54805afd2c127,Paysan Breton Queso Emmental Corte,EXISTING_ICISA_PRESERVED,false,false,false,false,false,database reference only; runtime media serving not verified
CAT-0041,PROD-0041,8e1b3df9-2040-389b-a106-77b794c26a62,PROD-0041,8e1b3df9-2040-389b-a106-77b794c26a62,FAM-CAT-0040,QUESO EMMENTAL,QUESO EMMENTAL MOLDE 3.5KG,Paysan Breton,Cheese,Paysan Breton Queso Emmental Molde 3.5Kg for refrigerated B2B catalog operations.,MOLDE 3.5KG,REFRIGERATED,UNSPECIFIED,UNIT,1.0,,STANDARD,213.5,PEN,PRESENT,,paysan-breton-queso-emmental-molde-3-5kg.png,/catalog-items/paysan-breton-queso-emmental-molde-3-5kg.png,3979a075aab99a5041d7ac1f0cbf4ede5ae8cd9061f74fabafc242822a066b43,Paysan Breton Queso Emmental Molde 3 5Kg,EXISTING_ICISA_PRESERVED,false,false,false,false,false,database reference only; runtime media serving not verified
CAT-0042,PROD-0042,f527b002-78a1-32d9-9a01-1025ef6d16a0,PROD-0042,f527b002-78a1-32d9-9a01-1025ef6d16a0,FAM-CAT-0042,QUESO PETIT MOULÉ AFH,QUESO PETIT MOULÉ AFH 150G,Paysan Breton,Cheese,Paysan Breton Queso Petit Moulé AFH 150G for refrigerated B2B catalog operations.,150G,REFRIGERATED,UNSPECIFIED,UNIT,1.0,,STANDARD,11.7,PEN,PRESENT,,paysan-breton-queso-petit-moule-afh-150g.png,/catalog-items/paysan-breton-queso-petit-moule-afh-150g.png,ce8558857dea3b925215ccb1c7f4d28cef6435e0890015c9f8cd83a1bd6a8d6d,Paysan Breton Queso Petit Moule Afh 150G,EXISTING_ICISA_PRESERVED,false,false,false,false,false,database reference only; runtime media serving not verified
CAT-0043,PROD-0043,5cdeeabb-0a94-3f66-8805-7a25a8956150,PROD-0043,5cdeeabb-0a94-3f66-8805-7a25a8956150,FAM-CAT-0043,RACLETTE SLICES,RACLETTE SLICES 400G,Paysan Breton,Cheese,Paysan Breton Raclette Slices 400G for refrigerated B2B catalog operations.,400G,REFRIGERATED,UNSPECIFIED,UNIT,1.0,,STANDARD,49.0,PEN,PRESENT,,paysan-breton-raclette-slices-400g.png,/catalog-items/paysan-breton-raclette-slices-400g.png,8ebe72d6735fd0046d1e89e10e2c0bc9c22bf5cbea1cbfc178fecce085567843,Paysan Breton Raclette Slices 400G,EXISTING_ICISA_PRESERVED,false,false,false,false,false,database reference only; runtime media serving not verified
CAT-0072,PROD-0072,15eb046c-f878-31b1-8a32-f8c025c73871,PROD-0072,15eb046c-f878-31b1-8a32-f8c025c73871,FAM-CAT-0072,MANTEQUILLA CON SAL 200G,MANTEQUILLA CON SAL 200G,Paysan Breton,Butter,"Provisional catalog reference derived from the estimated source label ""Paysan Breton Mantequilla Con Sal 200G"". Confirm product specifications before sale.",UNSPECIFIED,REFRIGERATED,UNSPECIFIED,UNIT,1,,UNSPECIFIED,14.00,PEN,PROVISIONAL_REFERENCE,,paysan-breton_mantequilla-con-sal_200g.png,/catalog-items/paysan-breton_mantequilla-con-sal_200g.png,4030bb60ee6adb84242dc83e0bd142d7ed44b0009726959e6ad0f56762cd8640,Paysan Breton Mantequilla Con Sal 200G,NEW_PROVISIONAL_REFERENCE,true,true,true,true,true,database reference only; runtime media serving not verified
CAT-0073,PROD-0073,c04f0fdc-bb84-32cb-988b-047f28d3f26a,PROD-0073,c04f0fdc-bb84-32cb-988b-047f28d3f26a,FAM-CAT-0073,MANTEQUILLA SIN SAL 200G,MANTEQUILLA SIN SAL 200G,Paysan Breton,Butter,"Provisional catalog reference derived from the estimated source label ""Paysan Breton Mantequilla Sin Sal 200G"". Confirm product specifications before sale.",UNSPECIFIED,REFRIGERATED,UNSPECIFIED,UNIT,1,,UNSPECIFIED,14.00,PEN,PROVISIONAL_REFERENCE,,paysan-breton_mantequilla-sin-sal_200g.png,/catalog-items/paysan-breton_mantequilla-sin-sal_200g.png,3c084a1a641fd6056782d1db729ff2937d20e51cfec0a5d4235380edec2efdfa,Paysan Breton Mantequilla Sin Sal 200G,NEW_PROVISIONAL_REFERENCE,true,true,true,true,true,database reference only; runtime media serving not verified
CAT-0074,PROD-0074,83c26b8b-2078-3e1d-9ff8-f9731f29d203,PROD-0074,83c26b8b-2078-3e1d-9ff8-f9731f29d203,FAM-CAT-0074,QUESO BRIE MOLDE 3KG,QUESO BRIE MOLDE 3KG,Paysan Breton,Cheese,"Provisional catalog reference derived from the estimated source label ""Paysan Breton Queso Brie Molde 3Kg"". Confirm product specifications before sale.",UNSPECIFIED,REFRIGERATED,UNSPECIFIED,UNIT,1,,UNSPECIFIED,159.00,PEN,PROVISIONAL_REFERENCE,,paysan-breton_queso-brie_molde-3kg.png,/catalog-items/paysan-breton_queso-brie_molde-3kg.png,e294b0941eb2d0b4b0d67959af3af17e2bcf4e8818ec43d9586aa30030f2e4db,Paysan Breton Queso Brie Molde 3Kg,NEW_PROVISIONAL_REFERENCE,true,true,true,true,true,database reference only; runtime media serving not verified
CAT-0075,PROD-0075,b216f9a8-8f85-3b02-895f-32a531c3770a,PROD-0075,b216f9a8-8f85-3b02-895f-32a531c3770a,FAM-CAT-0075,QUESO EMMENTAL 220G,QUESO EMMENTAL 220G,Paysan Breton,Cheese,"Provisional catalog reference derived from the estimated source label ""Paysan Breton Queso Emmental 220G"". Confirm product specifications before sale.",UNSPECIFIED,REFRIGERATED,UNSPECIFIED,UNIT,1,,UNSPECIFIED,13.42,PEN,PROVISIONAL_REFERENCE,,paysan-breton_queso-emmental_220g.jpeg,/catalog-items/paysan-breton_queso-emmental_220g.jpeg,1c7cb43fb4ad822ded53cbc584790aa5d472fba791b01f1c9946f25611960a15,Paysan Breton Queso Emmental 220G,NEW_PROVISIONAL_REFERENCE,true,true,true,true,true,database reference only; runtime media serving not verified
CAT-0076,PROD-0076,7cc6d88f-9937-3050-8563-4cd340faa47d,PROD-0076,7cc6d88f-9937-3050-8563-4cd340faa47d,FAM-CAT-0076,ROQUEFORT DOP 100G,ROQUEFORT DOP 100G,Paysan Breton,Cheese,"Provisional catalog reference derived from the estimated source label ""Paysan Breton Roquefort Dop 100G"". Confirm product specifications before sale.",UNSPECIFIED,REFRIGERATED,UNSPECIFIED,UNIT,1,,UNSPECIFIED,9.52,PEN,PROVISIONAL_REFERENCE,,paysan-breton_roquefort-dop_100g.png,/catalog-items/paysan-breton_roquefort-dop_100g.png,eb6f04c14c71a064920058c32ac0d139c9fa38b4ab87aa1ad8eb79115b4f0ead,Paysan Breton Roquefort Dop 100G,NEW_PROVISIONAL_REFERENCE,true,true,true,true,true,database reference only; runtime media serving not verified
CAT-0044,PROD-0044,07905a3a-0d3c-3313-84b9-ec18b2425e71,PROD-0044,07905a3a-0d3c-3313-84b9-ec18b2425e71,FAM-CAT-0044,QUESO MANCHEGO DOP 12 MESES,QUESO MANCHEGO DOP 12 MESES CORTE,Sancho Panza,Cheese,Sancho Panza Queso Manchego Dop 12 Meses Corte for refrigerated B2B catalog operations.,CORTE,REFRIGERATED,UNSPECIFIED,UNIT,1.0,,STANDARD,70.95,PEN,PRESENT,,sancho-panza-queso-manchego-dop-12-meses-corte.png,/catalog-items/sancho-panza-queso-manchego-dop-12-meses-corte.png,85451982b66290a7ca5c46f0e46af9054e18a27f1612358911c535bdc25286be,Sancho Panza Queso Manchego Dop 12 Meses Corte,EXISTING_ICISA_PRESERVED,false,false,false,false,false,database reference only; runtime media serving not verified
CAT-0045,PROD-0045,d9b57b60-6525-3143-880f-dd72cb745ded,PROD-0045,d9b57b60-6525-3143-880f-dd72cb745ded,FAM-CAT-0045,QUESO MANCHEGO DOP 3 MESES,QUESO MANCHEGO DOP 3 MESES CORTE,Sancho Panza,Cheese,Sancho Panza Queso Manchego Dop 3 Meses Corte for refrigerated B2B catalog operations.,CORTE,REFRIGERATED,UNSPECIFIED,UNIT,1.0,,STANDARD,64.35,PEN,PRESENT,,sancho-panza-queso-manchego-dop-3-meses-corte.png,/catalog-items/sancho-panza-queso-manchego-dop-3-meses-corte.png,83961b01c64052ced41d1217a4a682692df651671b3e1d9922504a38a0296c9c,Sancho Panza Queso Manchego Dop 3 Meses Corte,EXISTING_ICISA_PRESERVED,false,false,false,false,false,database reference only; runtime media serving not verified
CAT-0046,PROD-0046,5dcd6475-62b4-397f-aead-4c71b3247c38,PROD-0046,5dcd6475-62b4-397f-aead-4c71b3247c38,FAM-CAT-0045,QUESO MANCHEGO DOP 3 MESES,QUESO MANCHEGO DOP 3 MESES MOLDE 3KG,Sancho Panza,Cheese,Sancho Panza Queso Manchego Dop 3 Meses Molde 3Kg for refrigerated B2B catalog operations.,MOLDE 3KG,REFRIGERATED,UNSPECIFIED,UNIT,1.0,,STANDARD,351.0,PEN,PRESENT,,sancho-panza-queso-manchego-dop-3-meses-molde-3kg.png,/catalog-items/sancho-panza-queso-manchego-dop-3-meses-molde-3kg.png,9140c409296dd0de2db701af607ef5aa19e651dc780660f6dbd9a8796a0d381b,Sancho Panza Queso Manchego Dop 3 Meses Molde 3Kg,EXISTING_ICISA_PRESERVED,false,false,false,false,false,database reference only; runtime media serving not verified
CAT-0047,PROD-0047,9b211f2d-333c-32c1-96bc-0796e28f4941,PROD-0047,9b211f2d-333c-32c1-96bc-0796e28f4941,FAM-CAT-0047,QUESO MANCHEGO DOP 6 MESES,QUESO MANCHEGO DOP 6 MESES CORTE,Sancho Panza,Cheese,Sancho Panza Queso Manchego Dop 6 Meses Corte for refrigerated B2B catalog operations.,CORTE,REFRIGERATED,UNSPECIFIED,UNIT,1.0,,STANDARD,68.2,PEN,PRESENT,,sancho-panza-queso-manchego-dop-6-meses-corte.png,/catalog-items/sancho-panza-queso-manchego-dop-6-meses-corte.png,64088d258ee3d5ac9f3b724afb76aecd9b9abb814a2efa35372938e9a9a33ac3,Sancho Panza Queso Manchego Dop 6 Meses Corte,EXISTING_ICISA_PRESERVED,false,false,false,false,false,database reference only; runtime media serving not verified
CAT-0048,PROD-0048,63800394-3832-327a-9282-59ba67c1ce20,PROD-0048,63800394-3832-327a-9282-59ba67c1ce20,FAM-CAT-0047,QUESO MANCHEGO DOP 6 MESES,QUESO MANCHEGO DOP 6 MESES MOLDE 3KG,Sancho Panza,Cheese,Sancho Panza Queso Manchego Dop 6 Meses Molde 3Kg for refrigerated B2B catalog operations.,MOLDE 3KG,REFRIGERATED,UNSPECIFIED,UNIT,1.0,,STANDARD,372.0,PEN,PRESENT,,sancho-panza-queso-manchego-dop-6-meses-molde-3kg.png,/catalog-items/sancho-panza-queso-manchego-dop-6-meses-molde-3kg.png,41fcbb45e9465baafe0d8566c184c5fee135459215dc5f256106621e4658eccb,Sancho Panza Queso Manchego Dop 6 Meses Molde 3Kg,EXISTING_ICISA_PRESERVED,false,false,false,false,false,database reference only; runtime media serving not verified
CAT-0077,PROD-0077,568ba6fa-1f5a-3d0a-809b-3610a7be8d78,PROD-0077,568ba6fa-1f5a-3d0a-809b-3610a7be8d78,FAM-CAT-0077,QUESO MANCHEGO DOP 12 MESES MOLDE 3KG,QUESO MANCHEGO DOP 12 MESES MOLDE 3KG,Sancho Panza,Cheese,"Provisional catalog reference derived from the estimated source label ""Sancho Panza Queso Manchego Dop 12 Meses Molde 3Kg"". Confirm product specifications before sale.",UNSPECIFIED,REFRIGERATED,UNSPECIFIED,UNIT,1,,UNSPECIFIED,386.99,PEN,PROVISIONAL_REFERENCE,,sancho-panza_queso-manchego-dop-12-meses_molde-3kg.png,/catalog-items/sancho-panza_queso-manchego-dop-12-meses_molde-3kg.png,09d601dec5edc0701fdab4dc4dd2412703016009eb35ac4aeec4ff721775ed57,Sancho Panza Queso Manchego Dop 12 Meses Molde 3Kg,NEW_PROVISIONAL_REFERENCE,true,true,true,true,true,database reference only; runtime media serving not verified
CAT-0078,PROD-0078,23cf8e54-0544-30a0-a359-a9e6a6ed2f22,PROD-0078,23cf8e54-0544-30a0-a359-a9e6a6ed2f22,FAM-CAT-0078,JAMON DE PECHUGA DE PAVO AHUMADO 150G,JAMON DE PECHUGA DE PAVO AHUMADO 150G,Santdalmai,Charcuterie,"Provisional catalog reference derived from the estimated source label ""Sant Dalmai Jamon De Pechuga De Pavo Ahumado 150G"". Confirm product specifications before sale.",UNSPECIFIED,REFRIGERATED,UNSPECIFIED,UNIT,1,,UNSPECIFIED,14.25,PEN,PROVISIONAL_REFERENCE,,sant-dalmai_jamon-de-pechuga-de-pavo-ahumado_150g.jpeg,/catalog-items/sant-dalmai_jamon-de-pechuga-de-pavo-ahumado_150g.jpeg,88f0638b37ab6414e33fd0f340a249101c1d06ac68f1233df3715869fe12dfd8,Sant Dalmai Jamon De Pechuga De Pavo Ahumado 150G,NEW_PROVISIONAL_REFERENCE,true,true,true,true,true,database reference only; runtime media serving not verified
CAT-0079,PROD-0079,0c4053e8-c6a4-3220-97dc-1cdee05ee579,PROD-0079,0c4053e8-c6a4-3220-97dc-1cdee05ee579,FAM-CAT-0079,JAMON DE PIERNA AHUMADO 150G,JAMON DE PIERNA AHUMADO 150G,Santdalmai,Charcuterie,"Provisional catalog reference derived from the estimated source label ""Sant Dalmai Jamon De Pierna Ahumado 150G"". Confirm product specifications before sale.",UNSPECIFIED,REFRIGERATED,UNSPECIFIED,UNIT,1,,UNSPECIFIED,14.25,PEN,PROVISIONAL_REFERENCE,,sant-dalmai_jamon-de-pierna-ahumado_150g.jpeg,/catalog-items/sant-dalmai_jamon-de-pierna-ahumado_150g.jpeg,52c048c4231ef391e4c3e76f6967576de4c6ed6682c565fd8f83fc37ef34969c,Sant Dalmai Jamon De Pierna Ahumado 150G,NEW_PROVISIONAL_REFERENCE,true,true,true,true,true,database reference only; runtime media serving not verified
CAT-0080,PROD-0080,e1dacd29-a8c2-3a5b-beab-59c6d1e00223,PROD-0080,e1dacd29-a8c2-3a5b-beab-59c6d1e00223,FAM-CAT-0080,JAMON DE PIERNA 150G,JAMON DE PIERNA 150G,Santdalmai,Charcuterie,"Provisional catalog reference derived from the estimated source label ""Sant Dalmai Jamon De Pierna 150G"". Confirm product specifications before sale.",UNSPECIFIED,REFRIGERATED,UNSPECIFIED,UNIT,1,,UNSPECIFIED,14.25,PEN,PROVISIONAL_REFERENCE,,sant-dalmai_jamon-de-pierna_150g.jpeg,/catalog-items/sant-dalmai_jamon-de-pierna_150g.jpeg,89665e4c6a6f30976f28993fcd6b37a9d3b8bfbe281a33e96da7180b7a24ae9f,Sant Dalmai Jamon De Pierna 150G,NEW_PROVISIONAL_REFERENCE,true,true,true,true,true,database reference only; runtime media serving not verified
CAT-0081,PROD-0081,145133ee-776b-3410-bfa5-103f06b5c710,PROD-0081,145133ee-776b-3410-bfa5-103f06b5c710,FAM-CAT-0081,JAMON INGLES AHUMADO 150G,JAMON INGLES AHUMADO 150G,Santdalmai,Charcuterie,"Provisional catalog reference derived from the estimated source label ""Sant Dalmai Jamon Ingles Ahumado 150G"". Confirm product specifications before sale.",UNSPECIFIED,REFRIGERATED,UNSPECIFIED,UNIT,1,,UNSPECIFIED,14.25,PEN,PROVISIONAL_REFERENCE,,sant-dalmai_jamon-ingles-ahumado_150g.jpeg,/catalog-items/sant-dalmai_jamon-ingles-ahumado_150g.jpeg,7b107fae7511016124990b3e6a25e63f0d36397be4374946cceb18a496d467e0,Sant Dalmai Jamon Ingles Ahumado 150G,NEW_PROVISIONAL_REFERENCE,true,true,true,true,true,database reference only; runtime media serving not verified
CAT-0082,PROD-0082,a04d1280-0152-3ce9-8bb5-87d43a137c65,PROD-0082,a04d1280-0152-3ce9-8bb5-87d43a137c65,FAM-CAT-0082,JAMON INGLES 150G,JAMON INGLES 150G,Santdalmai,Charcuterie,"Provisional catalog reference derived from the estimated source label ""Sant Dalmai Jamon Ingles 150G"". Confirm product specifications before sale.",UNSPECIFIED,REFRIGERATED,UNSPECIFIED,UNIT,1,,UNSPECIFIED,14.25,PEN,PROVISIONAL_REFERENCE,,sant-dalmai_jamon-ingles_150g.jpeg,/catalog-items/sant-dalmai_jamon-ingles_150g.jpeg,12f21687851c5c9633ae85699db63a1284c5d02f0bfd5d322c229b1f84da133e,Sant Dalmai Jamon Ingles 150G,NEW_PROVISIONAL_REFERENCE,true,true,true,true,true,database reference only; runtime media serving not verified
CAT-0083,PROD-0083,6010928a-d8bc-33b7-98ea-ed528d35c948,PROD-0083,6010928a-d8bc-33b7-98ea-ed528d35c948,FAM-CAT-0083,MORTADELA ORO 150G,MORTADELA ORO 150G,Santdalmai,Charcuterie,"Provisional catalog reference derived from the estimated source label ""Sant Dalmai Mortadela Oro 150G"". Confirm product specifications before sale.",UNSPECIFIED,REFRIGERATED,UNSPECIFIED,UNIT,1,,UNSPECIFIED,13.80,PEN,PROVISIONAL_REFERENCE,,sant-dalmai_mortadela-oro_150g.jpeg,/catalog-items/sant-dalmai_mortadela-oro_150g.jpeg,9728a76282d6445f9d7d9c71ea3271540c8bc11bf491b0bda81b5d3c6f00d6f6,Sant Dalmai Mortadela Oro 150G,NEW_PROVISIONAL_REFERENCE,true,true,true,true,true,database reference only; runtime media serving not verified
CAT-0084,PROD-0084,e508a143-637d-3553-a996-9bca22ba3949,PROD-0084,e508a143-637d-3553-a996-9bca22ba3949,FAM-CAT-0084,PECHUGA DE PAVO TRADICIONAL 150G,PECHUGA DE PAVO TRADICIONAL 150G,Santdalmai,Cheese,"Provisional catalog reference derived from the estimated source label ""Sant Dalmai Pechuga De Pavo Tradicional 150G"". Confirm product specifications before sale.",UNSPECIFIED,REFRIGERATED,UNSPECIFIED,UNIT,1,,UNSPECIFIED,14.25,PEN,PROVISIONAL_REFERENCE,,sant-dalmai_pechuga-de-pavo-tradicional_150g.jpeg,/catalog-items/sant-dalmai_pechuga-de-pavo-tradicional_150g.jpeg,07f0e3373095e6a5d030887729c705c4baf731e4ae7a05342662f31f798f0766,Sant Dalmai Pechuga De Pavo Tradicional 150G,NEW_PROVISIONAL_REFERENCE,true,true,true,true,true,database reference only; runtime media serving not verified
CAT-0085,PROD-0085,6038aa9f-d079-3ed2-afc3-26be718ebae6,PROD-0085,6038aa9f-d079-3ed2-afc3-26be718ebae6,FAM-CAT-0085,TOCINO AHUMADO DADITOS 500G,TOCINO AHUMADO DADITOS 500G,Santdalmai,Charcuterie,"Provisional catalog reference derived from the estimated source label ""Sant Dalmai Tocino Ahumado Daditos 500G"". Confirm product specifications before sale.",UNSPECIFIED,REFRIGERATED,UNSPECIFIED,UNIT,1,,UNSPECIFIED,43.00,PEN,PROVISIONAL_REFERENCE,,sant-dalmai_tocino-ahumado-daditos_500g.jpeg,/catalog-items/sant-dalmai_tocino-ahumado-daditos_500g.jpeg,a4b2abe693483af5e6e6cf53fb6c94f701066e84ff69f5fbbc0b3fc78b4320ac,Sant Dalmai Tocino Ahumado Daditos 500G,NEW_PROVISIONAL_REFERENCE,true,true,true,true,true,database reference only; runtime media serving not verified
CAT-0086,PROD-0086,552bc9cd-116b-374c-b25d-615d5c681618,PROD-0086,552bc9cd-116b-374c-b25d-615d5c681618,FAM-CAT-0086,TOCINO AHUMADO 150G,TOCINO AHUMADO 150G,Santdalmai,Charcuterie,"Provisional catalog reference derived from the estimated source label ""Sant Dalmai Tocino Ahumado 150G"". Confirm product specifications before sale.",UNSPECIFIED,REFRIGERATED,UNSPECIFIED,UNIT,1,,UNSPECIFIED,12.90,PEN,PROVISIONAL_REFERENCE,,sant-dalmai_tocino-ahumado_150g.jpeg,/catalog-items/sant-dalmai_tocino-ahumado_150g.jpeg,f5aba39f6cee6fd478addf13de0f9bf7c8fcfbbf65eb34dbfb977ba8fb35b88e,Sant Dalmai Tocino Ahumado 150G,NEW_PROVISIONAL_REFERENCE,true,true,true,true,true,database reference only; runtime media serving not verified
CAT-0087,PROD-0087,7ea1ad42-f8f2-3c8c-a442-6a03af7d32f4,PROD-0087,7ea1ad42-f8f2-3c8c-a442-6a03af7d32f4,FAM-CAT-0087,TOCINO AHUMADO PIEZA 200G,TOCINO AHUMADO PIEZA 200G,Santdalmai,Charcuterie,"Provisional catalog reference derived from the estimated source label ""Sant Dalmai Tocino Ahumado Pieza 200G"". Confirm product specifications before sale.",UNSPECIFIED,REFRIGERATED,UNSPECIFIED,UNIT,1,,UNSPECIFIED,17.20,PEN,PROVISIONAL_REFERENCE,,sant-dalmai_tocino-ahumado_pieza-200g.jpeg,/catalog-items/sant-dalmai_tocino-ahumado_pieza-200g.jpeg,e24734c2a958302ccd40387031aa135ab984e4403b381e3e5b15c1ecf056480c,Sant Dalmai Tocino Ahumado Pieza 200G,NEW_PROVISIONAL_REFERENCE,true,true,true,true,true,database reference only; runtime media serving not verified
CAT-0088,PROD-0088,be798270-8840-3ec4-97d4-016f078a7ad4,PROD-0088,be798270-8840-3ec4-97d4-016f078a7ad4,FAM-CAT-0088,BRIE DE CABRA MOLDE 1KG,BRIE DE CABRA MOLDE 1KG,Soignon,Cheese,"Provisional catalog reference derived from the estimated source label ""Soignon Brie De Cabra Molde 1Kg"". Confirm product specifications before sale.",UNSPECIFIED,REFRIGERATED,UNSPECIFIED,UNIT,1,,UNSPECIFIED,135.00,PEN,PROVISIONAL_REFERENCE,,soignon_brie-de-cabra_molde-1kg.png,/catalog-items/soignon_brie-de-cabra_molde-1kg.png,f51c75d401d49ef97fa93350b460dc978bc3b893a668ef171a891b16ddce6de8,Soignon Brie De Cabra Molde 1Kg,NEW_PROVISIONAL_REFERENCE,true,true,true,true,true,database reference only; runtime media serving not verified
CAT-0089,PROD-0089,46367db5-5d5b-3efc-b37a-8d48fdf78ca1,PROD-0089,46367db5-5d5b-3efc-b37a-8d48fdf78ca1,FAM-CAT-0089,PIRAMIDE DE CABRA AFH 140G,PIRAMIDE DE CABRA AFH 140G,Soignon,Cheese,"Provisional catalog reference derived from the estimated source label ""Soignon Piramide De Cabra Afh 140G"". Confirm product specifications before sale.",UNSPECIFIED,REFRIGERATED,UNSPECIFIED,UNIT,1,,UNSPECIFIED,18.90,PEN,PROVISIONAL_REFERENCE,,soignon_piramide-de-cabra-afh_140g.png,/catalog-items/soignon_piramide-de-cabra-afh_140g.png,9f1507cb90bf034c73416df419688a92bbfb1a8040f4ffd91cdf8475a7d9e45c,Soignon Piramide De Cabra Afh 140G,NEW_PROVISIONAL_REFERENCE,true,true,true,true,true,database reference only; runtime media serving not verified
CAT-0090,PROD-0090,29c180c1-4b6e-38d3-907d-7527642b8353,PROD-0090,29c180c1-4b6e-38d3-907d-7527642b8353,FAM-CAT-0090,PIRAMIDE DE CABRA HIGO 150G,PIRAMIDE DE CABRA HIGO 150G,Soignon,Cheese,"Provisional catalog reference derived from the estimated source label ""Soignon Piramide De Cabra Higo 150G"". Confirm product specifications before sale.",UNSPECIFIED,REFRIGERATED,UNSPECIFIED,UNIT,1,,UNSPECIFIED,20.25,PEN,PROVISIONAL_REFERENCE,,soignon_piramide-de-cabra-higo_150g.png,/catalog-items/soignon_piramide-de-cabra-higo_150g.png,b3699ba270c56460926159b5e78740c271b4e6c2998430a5afc406ee61791694,Soignon Piramide De Cabra Higo 150G,NEW_PROVISIONAL_REFERENCE,true,true,true,true,true,database reference only; runtime media serving not verified
CAT-0091,PROD-0091,935d5d20-8f7d-3c97-87d4-9bee1fbf000b,PROD-0091,935d5d20-8f7d-3c97-87d4-9bee1fbf000b,FAM-CAT-0091,PIRAMIDE DE CABRA MIEL 150G,PIRAMIDE DE CABRA MIEL 150G,Soignon,Cheese,"Provisional catalog reference derived from the estimated source label ""Soignon Piramide De Cabra Miel 150G"". Confirm product specifications before sale.",UNSPECIFIED,REFRIGERATED,UNSPECIFIED,UNIT,1,,UNSPECIFIED,20.25,PEN,PROVISIONAL_REFERENCE,,soignon_piramide-de-cabra-miel_150g.png,/catalog-items/soignon_piramide-de-cabra-miel_150g.png,b579d5351950bda00235c8dca2da20498f076d0895b6d8f945af38923056aefe,Soignon Piramide De Cabra Miel 150G,NEW_PROVISIONAL_REFERENCE,true,true,true,true,true,database reference only; runtime media serving not verified
CAT-0092,PROD-0092,5b3cb488-d3b6-30ab-a360-494680363a10,PROD-0092,5b3cb488-d3b6-30ab-a360-494680363a10,FAM-CAT-0092,PIRAMIDE DE CABRA NATURAL 150G,PIRAMIDE DE CABRA NATURAL 150G,Soignon,Cheese,"Provisional catalog reference derived from the estimated source label ""Soignon Piramide De Cabra Natural 150G"". Confirm product specifications before sale.",UNSPECIFIED,REFRIGERATED,UNSPECIFIED,UNIT,1,,UNSPECIFIED,20.25,PEN,PROVISIONAL_REFERENCE,,soignon_piramide-de-cabra-natural_150g.png,/catalog-items/soignon_piramide-de-cabra-natural_150g.png,0ea7cded184e6745207afdd7fc316870ee9b10d84c446b3064502b83eb747c6f,Soignon Piramide De Cabra Natural 150G,NEW_PROVISIONAL_REFERENCE,true,true,true,true,true,database reference only; runtime media serving not verified
CAT-0093,PROD-0093,fddbaaf9-95d8-30aa-9177-a943b1049f38,PROD-0093,fddbaaf9-95d8-30aa-9177-a943b1049f38,FAM-CAT-0093,QUESO RULO DE CABRA NATURAL MOLDE 1KG,QUESO RULO DE CABRA NATURAL MOLDE 1KG,Soignon,Cheese,"Provisional catalog reference derived from the estimated source label ""Soignon Queso Rulo De Cabra Natural Molde 1Kg"". Confirm product specifications before sale.",UNSPECIFIED,REFRIGERATED,UNSPECIFIED,UNIT,1,,UNSPECIFIED,135.00,PEN,PROVISIONAL_REFERENCE,,soignon_queso-rulo-de-cabra-natural_molde-1kg.png,/catalog-items/soignon_queso-rulo-de-cabra-natural_molde-1kg.png,056c179bf8b2a4f9ab3d8b44b00268293ff3d830996a5090dd31d3b09c5d781b,Soignon Queso Rulo De Cabra Natural Molde 1Kg,NEW_PROVISIONAL_REFERENCE,true,true,true,true,true,database reference only; runtime media serving not verified
CAT-0094,PROD-0094,0ced9fdb-5bd7-336f-a252-5a6cda6fb4fa,PROD-0094,0ced9fdb-5bd7-336f-a252-5a6cda6fb4fa,FAM-CAT-0094,RULO DE CABRA AFH 110G,RULO DE CABRA AFH 110G,Soignon,Cheese,"Provisional catalog reference derived from the estimated source label ""Soignon Rulo De Cabra Afh 110G"". Confirm product specifications before sale.",UNSPECIFIED,REFRIGERATED,UNSPECIFIED,UNIT,1,,UNSPECIFIED,14.85,PEN,PROVISIONAL_REFERENCE,,soignon_rulo-de-cabra-afh_110g.png,/catalog-items/soignon_rulo-de-cabra-afh_110g.png,820d33ef08caa3cc17345225d81e9768aa61e4f8e29b74f3d1348b412a543167,Soignon Rulo De Cabra Afh 110G,NEW_PROVISIONAL_REFERENCE,true,true,true,true,true,database reference only; runtime media serving not verified
CAT-0095,PROD-0095,4edc0b6f-f304-3563-a1cd-61ec9d6defc4,PROD-0095,4edc0b6f-f304-3563-a1cd-61ec9d6defc4,FAM-CAT-0095,RULO DE CABRA MIEL 110G,RULO DE CABRA MIEL 110G,Soignon,Cheese,"Provisional catalog reference derived from the estimated source label ""Soignon Rulo De Cabra Miel 110G"". Confirm product specifications before sale.",UNSPECIFIED,REFRIGERATED,UNSPECIFIED,UNIT,1,,UNSPECIFIED,14.85,PEN,PROVISIONAL_REFERENCE,,soignon_rulo-de-cabra-miel_110g.png,/catalog-items/soignon_rulo-de-cabra-miel_110g.png,cc3430c625e128904f3b3164127635b68d53237b1c125ddf126a3278f4e5ca02,Soignon Rulo De Cabra Miel 110G,NEW_PROVISIONAL_REFERENCE,true,true,true,true,true,database reference only; runtime media serving not verified
CAT-0096,PROD-0096,409cad52-59ff-3b08-83c9-19a53b3513cd,PROD-0096,409cad52-59ff-3b08-83c9-19a53b3513cd,FAM-CAT-0096,RULO DE CABRA NATURAL 110G,RULO DE CABRA NATURAL 110G,Soignon,Cheese,"Provisional catalog reference derived from the estimated source label ""Soignon Rulo De Cabra Natural 110G"". Confirm product specifications before sale.",UNSPECIFIED,REFRIGERATED,UNSPECIFIED,UNIT,1,,UNSPECIFIED,14.85,PEN,PROVISIONAL_REFERENCE,,soignon_rulo-de-cabra-natural_110g.png,/catalog-items/soignon_rulo-de-cabra-natural_110g.png,9bea7512121d217e083429f387eb8bf6f93be6126b40930c8b1f5e6765d7ed56,Soignon Rulo De Cabra Natural 110G,NEW_PROVISIONAL_REFERENCE,true,true,true,true,true,database reference only; runtime media serving not verified
CAT-0097,PROD-0097,86285f77-dc58-33bc-b226-fa97536fb540,PROD-0097,86285f77-dc58-33bc-b226-fa97536fb540,FAM-CAT-0097,QUESO DANISH BRIE 125G,QUESO DANISH BRIE 125G,St Clements,Cheese,"Provisional catalog reference derived from the estimated source label ""St Clements Queso Danish Brie 125G"". Confirm product specifications before sale.",UNSPECIFIED,REFRIGERATED,UNSPECIFIED,UNIT,1,,UNSPECIFIED,9.75,PEN,PROVISIONAL_REFERENCE,,st-clements_queso-danish-brie_125g.jpeg,/catalog-items/st-clements_queso-danish-brie_125g.jpeg,0f6f77a35e1086fec332e167fa2537a1e73f4cea7cd2c2f49d875003229be24b,St Clements Queso Danish Brie 125G,NEW_PROVISIONAL_REFERENCE,true,true,true,true,true,database reference only; runtime media serving not verified
CAT-0098,PROD-0098,29c04b88-8fa6-31f8-acd3-b76b473c7965,PROD-0098,29c04b88-8fa6-31f8-acd3-b76b473c7965,FAM-CAT-0098,QUESO DANISH CAMEMBERT 125G,QUESO DANISH CAMEMBERT 125G,St Clements,Cheese,"Provisional catalog reference derived from the estimated source label ""St Clements Queso Danish Camembert 125G"". Confirm product specifications before sale.",UNSPECIFIED,REFRIGERATED,UNSPECIFIED,UNIT,1,,UNSPECIFIED,9.75,PEN,PROVISIONAL_REFERENCE,,st-clements_queso-danish-camembert_125g.jpeg,/catalog-items/st-clements_queso-danish-camembert_125g.jpeg,be45ca509258f2784158bc0f0e0731e48c8de9e4ff4331d4631822bc6321a5fd,St Clements Queso Danish Camembert 125G,NEW_PROVISIONAL_REFERENCE,true,true,true,true,true,database reference only; runtime media serving not verified
CAT-0049,PROD-0049,badaa658-9b27-35c9-a29c-5ee74838494e,PROD-0049,badaa658-9b27-35c9-a29c-5ee74838494e,FAM-CAT-0049,PANNACOTTA CARAMEL,PANNACOTTA CARAMEL 2X90G,Sterilgarda,Dessert,Sterilgarda Pannacotta Caramel 2X90G for refrigerated B2B catalog operations.,2X90G,REFRIGERATED,UNSPECIFIED,UNIT,1.0,,STANDARD,7.0,PEN,PRESENT,,sterilgarda-pannacotta-caramel-2x90g.png,/catalog-items/sterilgarda-pannacotta-caramel-2x90g.png,d9f38c8b4837a729ebcdcee92b9542a242e3cca148d461b51af05e5b42ce17a8,Sterilgarda Pannacotta Caramel 2X90G,EXISTING_ICISA_PRESERVED,false,false,false,false,false,database reference only; runtime media serving not verified
CAT-0050,PROD-0050,b8e5e512-a98a-3ae2-8a4a-62e04e7e0213,PROD-0050,b8e5e512-a98a-3ae2-8a4a-62e04e7e0213,FAM-CAT-0050,QUESO MASCARPONE UHT,QUESO MASCARPONE UHT 500G,Sterilgarda,Cheese,Sterilgarda Queso Mascarpone Uht 500G for refrigerated B2B catalog operations.,500G,REFRIGERATED,UNSPECIFIED,UNIT,1.0,,STANDARD,23.0,PEN,PRESENT,,sterilgarda-queso-mascarpone-uht-500g.png,/catalog-items/sterilgarda-queso-mascarpone-uht-500g.png,300fb229ff30648cabd16be1b362544733c0718e3de1295199eab90cde91a281,Sterilgarda Queso Mascarpone Uht 500G,EXISTING_ICISA_PRESERVED,false,false,false,false,false,database reference only; runtime media serving not verified
CAT-0099,PROD-0099,1ca9743b-f40f-33a9-b6eb-8b8d1bb7a745,PROD-0099,1ca9743b-f40f-33a9-b6eb-8b8d1bb7a745,FAM-CAT-0099,PANNACOTTA CHOCOLATE 2X90G,PANNACOTTA CHOCOLATE 2X90G,Sterilgarda,Dessert,"Provisional catalog reference derived from the estimated source label ""Sterilgarda Pannacotta Chocolate 2X90G"". Confirm product specifications before sale.",UNSPECIFIED,REFRIGERATED,UNSPECIFIED,UNIT,1,,UNSPECIFIED,7.00,PEN,PROVISIONAL_REFERENCE,,sterilgarda_pannacotta-chocolate_2x90g.png,/catalog-items/sterilgarda_pannacotta-chocolate_2x90g.png,8760882c0cfb58d411ed554cde541d2bee9716064ea67006285920e1085419d3,Sterilgarda Pannacotta Chocolate 2X90G,NEW_PROVISIONAL_REFERENCE,true,true,true,true,true,database reference only; runtime media serving not verified
CAT-0100,PROD-0100,8736f27a-e607-308e-96cd-c9e2104db08b,PROD-0100,8736f27a-e607-308e-96cd-c9e2104db08b,FAM-CAT-0100,COPPA 50G,COPPA 50G,Trevalli,Charcuterie,"Provisional catalog reference derived from the estimated source label ""Trevalli Coppa 50G"". Confirm product specifications before sale.",UNSPECIFIED,REFRIGERATED,UNSPECIFIED,UNIT,1,,UNSPECIFIED,6.50,PEN,PROVISIONAL_REFERENCE,,trevalli_coppa_50g.png,/catalog-items/trevalli_coppa_50g.png,e5499278ba42247659fa6672b8f87f729ba54ed883fb0fa8cf52adecda76dddf,Trevalli Coppa 50G,NEW_PROVISIONAL_REFERENCE,true,true,true,true,true,database reference only; runtime media serving not verified
CAT-0101,PROD-0101,190dfbf2-0832-3bc7-ad84-5c35de603da5,PROD-0101,190dfbf2-0832-3bc7-ad84-5c35de603da5,FAM-CAT-0101,SALAME MILANO 50G,SALAME MILANO 50G,Trevalli,Charcuterie,"Provisional catalog reference derived from the estimated source label ""Trevalli Salame Milano 50G"". Confirm product specifications before sale.",UNSPECIFIED,REFRIGERATED,UNSPECIFIED,UNIT,1,,UNSPECIFIED,4.75,PEN,PROVISIONAL_REFERENCE,,trevalli_salame-milano_50g.jpeg,/catalog-items/trevalli_salame-milano_50g.jpeg,98303d831eca3d5551a93704924ab468480816687db179b5fd8ee1c23f9ee4b1,Trevalli Salame Milano 50G,NEW_PROVISIONAL_REFERENCE,true,true,true,true,true,database reference only; runtime media serving not verified
CAT-0102,PROD-0102,904b0cb3-a479-389b-b92f-c12a5d405c22,PROD-0102,904b0cb3-a479-389b-b92f-c12a5d405c22,FAM-CAT-0102,SALAME NAPOLI 50G,SALAME NAPOLI 50G,Trevalli,Charcuterie,"Provisional catalog reference derived from the estimated source label ""Trevalli Salame Napoli 50G"". Confirm product specifications before sale.",UNSPECIFIED,REFRIGERATED,UNSPECIFIED,UNIT,1,,UNSPECIFIED,4.75,PEN,PROVISIONAL_REFERENCE,,trevalli_salame-napoli_50g.jpeg,/catalog-items/trevalli_salame-napoli_50g.jpeg,60be90fc5058da22eac9b4189cda1607be1d05ad2aa0697190765bf4acf0ee59,Trevalli Salame Napoli 50G,NEW_PROVISIONAL_REFERENCE,true,true,true,true,true,database reference only; runtime media serving not verified
