catalogItemId,skuId,productCode,itemName,presentation,amount,currency,priceStatus,sourceCode,sourceDescription,anchorCatalogItemIds,rationale,buyerVisibleAtPlan
CAT-0051,518fa6a3-ca2c-3348-bf7b-2e57b531d8af,PROD-0051,QUESO GRANA PADANO DOP CORTE,UNSPECIFIED,17.30,PEN,PROVISIONAL_REFERENCE,PROVISIONAL_REFERENCE,Precio referencial provisional de demostración; no es cotización ni precio comercial confirmado.,CAT-0001,"Precio por unidad referencial, anclado al Grana Padano DOP 150G; el peso de CORTE no está especificado.",false
CAT-0052,4e67d0bc-3b43-3326-b28b-a6b334cba143,PROD-0052,QUESO GRANA PADANO DOP MOLDE 37KG,UNSPECIFIED,4267.33,PEN,PROVISIONAL_REFERENCE,PROVISIONAL_REFERENCE,Precio referencial provisional de demostración; no es cotización ni precio comercial confirmado.,CAT-0001,Extrapolación lineal sin descuento de volumen desde Grana Padano DOP 150G a 37 kg; molde y peso del rótulo.,false
CAT-0053,d9d58074-a79c-3c4a-800f-eb80edfececa,PROD-0053,CREMA CHANTILLY 275CC,UNSPECIFIED,12.65,PEN,PROVISIONAL_REFERENCE,PROVISIONAL_REFERENCE,Precio referencial provisional de demostración; no es cotización ni precio comercial confirmado.,CAT-0050,"Escala por 275/500 desde mascarpone UHT 500G; analogía de lácteo, no equivalencia de receta.",false
CAT-0054,f6c3263f-fd54-3c83-a2ae-2f56c96bf996,PROD-0054,CREMA DE LECHE 200ML,UNSPECIFIED,9.20,PEN,PROVISIONAL_REFERENCE,PROVISIONAL_REFERENCE,Precio referencial provisional de demostración; no es cotización ni precio comercial confirmado.,CAT-0050,"Escala por 200/500 desde mascarpone UHT 500G; analogía de lácteo, no equivalencia de receta.",false
CAT-0055,6745499c-2d3e-3cc7-8d33-ff75ec695be5,PROD-0055,QUESO CREMA AHUMADO 100G,UNSPECIFIED,7.80,PEN,PROVISIONAL_REFERENCE,PROVISIONAL_REFERENCE,Precio referencial provisional de demostración; no es cotización ni precio comercial confirmado.,CAT-0042,Escala por 100/150 desde Petit Moulé AFH 150G; queso blando comparable.,false
CAT-0056,8a0ed000-0015-301e-ae8e-2a8d12e0ff66,PROD-0056,QUESO CREMA GOUDA 100G,UNSPECIFIED,7.80,PEN,PROVISIONAL_REFERENCE,PROVISIONAL_REFERENCE,Precio referencial provisional de demostración; no es cotización ni precio comercial confirmado.,CAT-0042,Escala por 100/150 desde Petit Moulé AFH 150G; queso blando comparable.,false
CAT-0057,a469f1cd-3961-3a74-92f1-5557bd96d755,PROD-0057,QUESO CREMA GRUYERE 100G,UNSPECIFIED,7.80,PEN,PROVISIONAL_REFERENCE,PROVISIONAL_REFERENCE,Precio referencial provisional de demostración; no es cotización ni precio comercial confirmado.,CAT-0042,Escala por 100/150 desde Petit Moulé AFH 150G; queso blando comparable.,false
CAT-0058,e60ad785-4861-35de-a10c-953c78ef17bb,PROD-0058,QUESO CREMA MAASDAM 100G,UNSPECIFIED,7.80,PEN,PROVISIONAL_REFERENCE,PROVISIONAL_REFERENCE,Precio referencial provisional de demostración; no es cotización ni precio comercial confirmado.,CAT-0042,Escala por 100/150 desde Petit Moulé AFH 150G; queso blando comparable.,false
CAT-0059,dcbf55c0-d43c-30a3-8d0d-d7472f7501f4,PROD-0059,MANTEQUILLA TOURAGE 82 MOLDE 1KG,UNSPECIFIED,70.00,PEN,PROVISIONAL_REFERENCE,PROVISIONAL_REFERENCE,Precio referencial provisional de demostración; no es cotización ni precio comercial confirmado.,CAT-0033;CAT-0034,Escala lineal 1 kg desde mantequilla con/sin sal 200G a PEN14.00.,false
CAT-0060,9f276f20-eac1-3145-8a02-04cb9c50fcdd,PROD-0060,QUESO TRIANGULO REGULAR 120G,UNSPECIFIED,9.36,PEN,PROVISIONAL_REFERENCE,PROVISIONAL_REFERENCE,Precio referencial provisional de demostración; no es cotización ni precio comercial confirmado.,CAT-0042,Escala por 120/150 desde Petit Moulé AFH 150G; el rótulo no declara detalle adicional de empaque.,false
CAT-0061,37d1441a-2e36-319b-b781-9d16d41fd034,PROD-0061,QUESO AHUMADO JAMON MOLDE 3KG,UNSPECIFIED,177.00,PEN,PROVISIONAL_REFERENCE,PROVISIONAL_REFERENCE,Precio referencial provisional de demostración; no es cotización ni precio comercial confirmado.,CAT-0009,Mismo nombre y molde de 3 kg que el queso ahumado jamón ya listado; se replica su referencia.,false
CAT-0062,fda1f8fd-c1aa-3cc6-a9f6-4e976c30df69,PROD-0062,QUESO EDAM BOLA AL PESO,UNSPECIFIED,33.44,PEN,PROVISIONAL_REFERENCE,PROVISIONAL_REFERENCE,Precio referencial provisional de demostración; no es cotización ni precio comercial confirmado.,CAT-0012,Mismo Edam bola CORTE ya listado; referencia por unidad vendible sin peso especificado.,false
CAT-0063,e8ea1b78-5ddf-3939-999e-6c7fb268819c,PROD-0063,QUESO GOUDA CHILI MOLDE 4.5KG,UNSPECIFIED,319.50,PEN,PROVISIONAL_REFERENCE,PROVISIONAL_REFERENCE,Precio referencial provisional de demostración; no es cotización ni precio comercial confirmado.,CAT-0017,Mismo Gouda chili molde 4.5 kg ya listado; se replica su referencia.,false
CAT-0064,c481736a-c517-3332-bf74-a8b95f219e07,PROD-0064,QUESO GOUDA COMINO AL PESO,UNSPECIFIED,35.70,PEN,PROVISIONAL_REFERENCE,PROVISIONAL_REFERENCE,Precio referencial provisional de demostración; no es cotización ni precio comercial confirmado.,CAT-0018,Mismo Gouda comino CORTE ya listado; se replica su referencia.,false
CAT-0065,0cb3f581-ecd9-358f-97e8-9d63d6001404,PROD-0065,QUESO GOUDA NATURAL AL PESO,UNSPECIFIED,32.84,PEN,PROVISIONAL_REFERENCE,PROVISIONAL_REFERENCE,Precio referencial provisional de demostración; no es cotización ni precio comercial confirmado.,CAT-0022,Mismo Gouda natural CORTE ya listado; se replica su referencia.,false
CAT-0066,5d9ad8a8-a3db-3a8a-8e4b-8cdc16efbc5a,PROD-0066,QUESO GOUDA NATURAL MOLDE 3KG,UNSPECIFIED,174.00,PEN,PROVISIONAL_REFERENCE,PROVISIONAL_REFERENCE,Precio referencial provisional de demostración; no es cotización ni precio comercial confirmado.,CAT-0023,Prorrateo de Gouda natural molde 4.5 kg a 3 kg usando precio actual PEN261.00.,false
CAT-0067,7ada08a2-dab8-3746-925c-b674759a9100,PROD-0067,QUESO MAASDAM AL PESO,UNSPECIFIED,31.19,PEN,PROVISIONAL_REFERENCE,PROVISIONAL_REFERENCE,Precio referencial provisional de demostración; no es cotización ni precio comercial confirmado.,CAT-0026,Mismo Maasdam CORTE ya listado; referencia por unidad vendible sin peso especificado.,false
CAT-0068,2c0fd146-1338-37bd-bc38-1406e945b53c,PROD-0068,MORTADELLA CON PISTACCHIO 100G,UNSPECIFIED,9.20,PEN,PROVISIONAL_REFERENCE,PROVISIONAL_REFERENCE,Precio referencial provisional de demostración; no es cotización ni precio comercial confirmado.,CAT-0004,Escala por peso de mortadella pistacho 7.5 kg a PEN690.00; referencia equivalente a 100 g.,false
CAT-0069,91b90af1-ccbe-3c6c-9e64-3dc934082220,PROD-0069,PROSCIUTTO CRUDO PREMIUM 100G,UNSPECIFIED,12.50,PEN,PROVISIONAL_REFERENCE,PROVISIONAL_REFERENCE,Precio referencial provisional de demostración; no es cotización ni precio comercial confirmado.,CAT-0031,Escala por peso de Prosciutto Crudo 4 kg a PEN500.00; referencia equivalente a 100 g.,false
CAT-0070,7b0853cc-a3e6-30f2-a8f6-0fa0c0db5a00,PROD-0070,QUESO FETA 43 MG,UNSPECIFIED,40.81,PEN,PROVISIONAL_REFERENCE,PROVISIONAL_REFERENCE,Precio referencial provisional de demostración; no es cotización ni precio comercial confirmado.,CAT-0032,Feta 43 MG se aproxima al Feta DOP CORTE existente; especificación no confirmada.,false
CAT-0071,9fed3c29-da4f-30f4-a636-2c1b12d9fbc1,PROD-0071,QUESO PARA RAYAR MOLDE,UNSPECIFIED,213.50,PEN,PROVISIONAL_REFERENCE,PROVISIONAL_REFERENCE,Precio referencial provisional de demostración; no es cotización ni precio comercial confirmado.,CAT-0041,Referencia comparable a queso Emmental en molde de 3.5 kg; tamaño del molde nuevo no declarado.,false
CAT-0072,15eb046c-f878-31b1-8a32-f8c025c73871,PROD-0072,MANTEQUILLA CON SAL 200G,UNSPECIFIED,14.00,PEN,PROVISIONAL_REFERENCE,PROVISIONAL_REFERENCE,Precio referencial provisional de demostración; no es cotización ni precio comercial confirmado.,CAT-0033,Mismo empaque de 200 g que mantequilla con sal 20x10 g ya listada.,false
CAT-0073,c04f0fdc-bb84-32cb-988b-047f28d3f26a,PROD-0073,MANTEQUILLA SIN SAL 200G,UNSPECIFIED,14.00,PEN,PROVISIONAL_REFERENCE,PROVISIONAL_REFERENCE,Precio referencial provisional de demostración; no es cotización ni precio comercial confirmado.,CAT-0034,Mismo empaque de 200 g que mantequilla sin sal 20x10 g ya listada.,false
CAT-0074,83c26b8b-2078-3e1d-9ff8-f9731f29d203,PROD-0074,QUESO BRIE MOLDE 3KG,UNSPECIFIED,159.00,PEN,PROVISIONAL_REFERENCE,PROVISIONAL_REFERENCE,Precio referencial provisional de demostración; no es cotización ni precio comercial confirmado.,CAT-0029,Referencia comparable a queso Danish Blue en molde de 3 kg; Brie no tiene ancla directa.,false
CAT-0075,b216f9a8-8f85-3b02-895f-32a531c3770a,PROD-0075,QUESO EMMENTAL 220G,UNSPECIFIED,13.42,PEN,PROVISIONAL_REFERENCE,PROVISIONAL_REFERENCE,Precio referencial provisional de demostración; no es cotización ni precio comercial confirmado.,CAT-0041,"Escala de Emmental molde PEN213.50/3.5 kg a 220 g, redondeada a céntimos.",false
CAT-0076,7cc6d88f-9937-3050-8563-4cd340faa47d,PROD-0076,ROQUEFORT DOP 100G,UNSPECIFIED,9.52,PEN,PROVISIONAL_REFERENCE,PROVISIONAL_REFERENCE,Precio referencial provisional de demostración; no es cotización ni precio comercial confirmado.,CAT-0035,Escala por 100/125 desde queso Bleu d’Auvergne 125G; Roquefort DOP sin ancla directa.,false
CAT-0077,568ba6fa-1f5a-3d0a-809b-3610a7be8d78,PROD-0077,QUESO MANCHEGO DOP 12 MESES MOLDE 3KG,UNSPECIFIED,386.99,PEN,PROVISIONAL_REFERENCE,PROVISIONAL_REFERENCE,Precio referencial provisional de demostración; no es cotización ni precio comercial confirmado.,CAT-0044;CAT-0048,Escala del Manchego DOP 6 meses molde 3 kg por razón de cortes 12 meses/6 meses.,false
CAT-0078,23cf8e54-0544-30a0-a359-a9e6a6ed2f22,PROD-0078,JAMON DE PECHUGA DE PAVO AHUMADO 150G,UNSPECIFIED,14.25,PEN,PROVISIONAL_REFERENCE,PROVISIONAL_REFERENCE,Precio referencial provisional de demostración; no es cotización ni precio comercial confirmado.,CAT-0005;CAT-0007,Escala por 150/100 desde Salame Milano/Napoli 100G; jamón ahumado no tiene ancla directa.,false
CAT-0079,0c4053e8-c6a4-3220-97dc-1cdee05ee579,PROD-0079,JAMON DE PIERNA AHUMADO 150G,UNSPECIFIED,14.25,PEN,PROVISIONAL_REFERENCE,PROVISIONAL_REFERENCE,Precio referencial provisional de demostración; no es cotización ni precio comercial confirmado.,CAT-0005;CAT-0007,Escala por 150/100 desde Salame Milano/Napoli 100G; jamón ahumado no tiene ancla directa.,false
CAT-0080,e1dacd29-a8c2-3a5b-beab-59c6d1e00223,PROD-0080,JAMON DE PIERNA 150G,UNSPECIFIED,14.25,PEN,PROVISIONAL_REFERENCE,PROVISIONAL_REFERENCE,Precio referencial provisional de demostración; no es cotización ni precio comercial confirmado.,CAT-0005;CAT-0007,Escala por 150/100 desde Salame Milano/Napoli 100G; jamón sin ancla directa.,false
CAT-0081,145133ee-776b-3410-bfa5-103f06b5c710,PROD-0081,JAMON INGLES AHUMADO 150G,UNSPECIFIED,14.25,PEN,PROVISIONAL_REFERENCE,PROVISIONAL_REFERENCE,Precio referencial provisional de demostración; no es cotización ni precio comercial confirmado.,CAT-0005;CAT-0007,Escala por 150/100 desde Salame Milano/Napoli 100G; jamón ahumado no tiene ancla directa.,false
CAT-0082,a04d1280-0152-3ce9-8bb5-87d43a137c65,PROD-0082,JAMON INGLES 150G,UNSPECIFIED,14.25,PEN,PROVISIONAL_REFERENCE,PROVISIONAL_REFERENCE,Precio referencial provisional de demostración; no es cotización ni precio comercial confirmado.,CAT-0005;CAT-0007,Escala por 150/100 desde Salame Milano/Napoli 100G; jamón sin ancla directa.,false
CAT-0083,6010928a-d8bc-33b7-98ea-ed528d35c948,PROD-0083,MORTADELA ORO 150G,UNSPECIFIED,13.80,PEN,PROVISIONAL_REFERENCE,PROVISIONAL_REFERENCE,Precio referencial provisional de demostración; no es cotización ni precio comercial confirmado.,CAT-0004,Escala por 150/100 desde Mortadella pistacho 7.5 kg a PEN690.00.,false
CAT-0084,e508a143-637d-3553-a996-9bca22ba3949,PROD-0084,PECHUGA DE PAVO TRADICIONAL 150G,UNSPECIFIED,14.25,PEN,PROVISIONAL_REFERENCE,PROVISIONAL_REFERENCE,Precio referencial provisional de demostración; no es cotización ni precio comercial confirmado.,CAT-0005;CAT-0007,"Escala por 150/100 desde Salame Milano/Napoli 100G; referencia de charcutería, no equivalencia.",false
CAT-0085,6038aa9f-d079-3ed2-afc3-26be718ebae6,PROD-0085,TOCINO AHUMADO DADITOS 500G,UNSPECIFIED,43.00,PEN,PROVISIONAL_REFERENCE,PROVISIONAL_REFERENCE,Precio referencial provisional de demostración; no es cotización ni precio comercial confirmado.,CAT-0086,Escala lineal de tocino equivalente a 500 g; el producto de 150 g aún no tiene precio confirmado.,false
CAT-0086,552bc9cd-116b-374c-b25d-615d5c681618,PROD-0086,TOCINO AHUMADO 150G,UNSPECIFIED,12.90,PEN,PROVISIONAL_REFERENCE,PROVISIONAL_REFERENCE,Precio referencial provisional de demostración; no es cotización ni precio comercial confirmado.,CAT-0005;CAT-0007,Referencia de charcutería de 150 g escalada de Salame Milano/Napoli 100G a PEN9.50.,false
CAT-0087,7ea1ad42-f8f2-3c8c-a442-6a03af7d32f4,PROD-0087,TOCINO AHUMADO PIEZA 200G,UNSPECIFIED,17.20,PEN,PROVISIONAL_REFERENCE,PROVISIONAL_REFERENCE,Precio referencial provisional de demostración; no es cotización ni precio comercial confirmado.,CAT-0086,Escala por 200/150 desde tocino ahumado 150G de este mismo plan.,false
CAT-0088,be798270-8840-3ec4-97d4-016f078a7ad4,PROD-0088,BRIE DE CABRA MOLDE 1KG,UNSPECIFIED,135.00,PEN,PROVISIONAL_REFERENCE,PROVISIONAL_REFERENCE,Precio referencial provisional de demostración; no es cotización ni precio comercial confirmado.,CAT-0036;CAT-0037;CAT-0038;CAT-0039,Escala por peso desde queso de cabra 100G a PEN13.50; Brie de cabra 1 kg sin ancla directa.,false
CAT-0089,46367db5-5d5b-3efc-b37a-8d48fdf78ca1,PROD-0089,PIRAMIDE DE CABRA AFH 140G,UNSPECIFIED,18.90,PEN,PROVISIONAL_REFERENCE,PROVISIONAL_REFERENCE,Precio referencial provisional de demostración; no es cotización ni precio comercial confirmado.,CAT-0036;CAT-0037;CAT-0038;CAT-0039,Escala por 140/100 desde queso de cabra 100G a PEN13.50.,false
CAT-0090,29c180c1-4b6e-38d3-907d-7527642b8353,PROD-0090,PIRAMIDE DE CABRA HIGO 150G,UNSPECIFIED,20.25,PEN,PROVISIONAL_REFERENCE,PROVISIONAL_REFERENCE,Precio referencial provisional de demostración; no es cotización ni precio comercial confirmado.,CAT-0036;CAT-0037;CAT-0038;CAT-0039,Escala por 150/100 desde queso de cabra 100G a PEN13.50.,false
CAT-0091,935d5d20-8f7d-3c97-87d4-9bee1fbf000b,PROD-0091,PIRAMIDE DE CABRA MIEL 150G,UNSPECIFIED,20.25,PEN,PROVISIONAL_REFERENCE,PROVISIONAL_REFERENCE,Precio referencial provisional de demostración; no es cotización ni precio comercial confirmado.,CAT-0036;CAT-0037;CAT-0038;CAT-0039,Escala por 150/100 desde queso de cabra 100G a PEN13.50.,false
CAT-0092,5b3cb488-d3b6-30ab-a360-494680363a10,PROD-0092,PIRAMIDE DE CABRA NATURAL 150G,UNSPECIFIED,20.25,PEN,PROVISIONAL_REFERENCE,PROVISIONAL_REFERENCE,Precio referencial provisional de demostración; no es cotización ni precio comercial confirmado.,CAT-0036;CAT-0037;CAT-0038;CAT-0039,Escala por 150/100 desde queso de cabra 100G a PEN13.50.,false
CAT-0093,fddbaaf9-95d8-30aa-9177-a943b1049f38,PROD-0093,QUESO RULO DE CABRA NATURAL MOLDE 1KG,UNSPECIFIED,135.00,PEN,PROVISIONAL_REFERENCE,PROVISIONAL_REFERENCE,Precio referencial provisional de demostración; no es cotización ni precio comercial confirmado.,CAT-0036;CAT-0037;CAT-0038;CAT-0039,Escala por peso desde queso de cabra 100G a PEN13.50; molde 1 kg.,false
CAT-0094,0ced9fdb-5bd7-336f-a252-5a6cda6fb4fa,PROD-0094,RULO DE CABRA AFH 110G,UNSPECIFIED,14.85,PEN,PROVISIONAL_REFERENCE,PROVISIONAL_REFERENCE,Precio referencial provisional de demostración; no es cotización ni precio comercial confirmado.,CAT-0036;CAT-0037;CAT-0038;CAT-0039,Escala por 110/100 desde queso de cabra 100G a PEN13.50.,false
CAT-0095,4edc0b6f-f304-3563-a1cd-61ec9d6defc4,PROD-0095,RULO DE CABRA MIEL 110G,UNSPECIFIED,14.85,PEN,PROVISIONAL_REFERENCE,PROVISIONAL_REFERENCE,Precio referencial provisional de demostración; no es cotización ni precio comercial confirmado.,CAT-0036;CAT-0037;CAT-0038;CAT-0039,Escala por 110/100 desde queso de cabra 100G a PEN13.50.,false
CAT-0096,409cad52-59ff-3b08-83c9-19a53b3513cd,PROD-0096,RULO DE CABRA NATURAL 110G,UNSPECIFIED,14.85,PEN,PROVISIONAL_REFERENCE,PROVISIONAL_REFERENCE,Precio referencial provisional de demostración; no es cotización ni precio comercial confirmado.,CAT-0036;CAT-0037;CAT-0038;CAT-0039,Escala por 110/100 desde queso de cabra 100G a PEN13.50.,false
CAT-0097,86285f77-dc58-33bc-b226-fa97536fb540,PROD-0097,QUESO DANISH BRIE 125G,UNSPECIFIED,9.75,PEN,PROVISIONAL_REFERENCE,PROVISIONAL_REFERENCE,Precio referencial provisional de demostración; no es cotización ni precio comercial confirmado.,CAT-0042,Escala por 125/150 desde Petit Moulé AFH 150G; queso Brie sin ancla directa.,false
CAT-0098,29c04b88-8fa6-31f8-acd3-b76b473c7965,PROD-0098,QUESO DANISH CAMEMBERT 125G,UNSPECIFIED,9.75,PEN,PROVISIONAL_REFERENCE,PROVISIONAL_REFERENCE,Precio referencial provisional de demostración; no es cotización ni precio comercial confirmado.,CAT-0042,Escala por 125/150 desde Petit Moulé AFH 150G; queso Camembert sin ancla directa.,false
CAT-0099,1ca9743b-f40f-33a9-b6eb-8b8d1bb7a745,PROD-0099,PANNACOTTA CHOCOLATE 2X90G,UNSPECIFIED,7.00,PEN,PROVISIONAL_REFERENCE,PROVISIONAL_REFERENCE,Precio referencial provisional de demostración; no es cotización ni precio comercial confirmado.,CAT-0049,Mismo empaque de 2x90 g que pannacotta caramel ya listada; se replica su referencia.,false
CAT-0100,8736f27a-e607-308e-96cd-c9e2104db08b,PROD-0100,COPPA 50G,UNSPECIFIED,6.50,PEN,PROVISIONAL_REFERENCE,PROVISIONAL_REFERENCE,Precio referencial provisional de demostración; no es cotización ni precio comercial confirmado.,CAT-0003,Escala de Coppa molde 3 kg a PEN390.00 por 50 g.,false
CAT-0101,190dfbf2-0832-3bc7-ad84-5c35de603da5,PROD-0101,SALAME MILANO 50G,UNSPECIFIED,4.75,PEN,PROVISIONAL_REFERENCE,PROVISIONAL_REFERENCE,Precio referencial provisional de demostración; no es cotización ni precio comercial confirmado.,CAT-0005,Escala por 50/100 desde Salame Milano 100G a PEN9.50.,false
CAT-0102,904b0cb3-a479-389b-b92f-c12a5d405c22,PROD-0102,SALAME NAPOLI 50G,UNSPECIFIED,4.75,PEN,PROVISIONAL_REFERENCE,PROVISIONAL_REFERENCE,Precio referencial provisional de demostración; no es cotización ni precio comercial confirmado.,CAT-0007,Escala por 50/100 desde Salame Napoli 100G a PEN9.50.,false
